mode: set
spectron-backend/cmd/mock-controller/main.go:19.13,21.16 2 0
spectron-backend/cmd/mock-controller/main.go:21.16,23.3 1 0
spectron-backend/cmd/mock-controller/main.go:25.2,26.16 2 0
spectron-backend/cmd/mock-controller/main.go:26.16,28.3 1 0
spectron-backend/cmd/mock-controller/main.go:29.2,33.16 4 0
spectron-backend/cmd/mock-controller/main.go:33.16,35.3 1 0
spectron-backend/cmd/mock-controller/main.go:37.2,42.16 2 0
spectron-backend/cmd/mock-controller/main.go:42.16,44.3 1 0
spectron-backend/cmd/mock-controller/main.go:46.2,56.16 2 0
spectron-backend/cmd/mock-controller/main.go:56.16,58.3 1 0
spectron-backend/cmd/mock-controller/main.go:60.2,64.104 5 0
spectron-backend/cmd/create-test-user/main.go:16.13,19.16 2 0
spectron-backend/cmd/create-test-user/main.go:19.16,21.3 1 0
spectron-backend/cmd/create-test-user/main.go:24.2,25.16 2 0
spectron-backend/cmd/create-test-user/main.go:25.16,27.3 1 0
spectron-backend/cmd/create-test-user/main.go:28.2,37.57 6 0
spectron-backend/cmd/create-test-user/main.go:37.57,39.3 1 0
spectron-backend/cmd/create-test-user/main.go:40.2,40.66 1 0
spectron-backend/cmd/create-test-user/main.go:40.66,42.3 1 0
spectron-backend/cmd/create-test-user/main.go:43.2,43.57 1 0
spectron-backend/cmd/create-test-user/main.go:43.57,45.3 1 0
spectron-backend/cmd/create-test-user/main.go:46.2,46.54 1 0
spectron-backend/cmd/create-test-user/main.go:46.54,48.3 1 0
spectron-backend/cmd/create-test-user/main.go:51.2,52.16 2 0
spectron-backend/cmd/create-test-user/main.go:52.16,54.3 1 0
spectron-backend/cmd/create-test-user/main.go:57.2,62.16 5 0
spectron-backend/cmd/create-test-user/main.go:62.16,64.3 1 0
spectron-backend/cmd/create-test-user/main.go:65.2,70.16 4 0
spectron-backend/cmd/create-test-user/main.go:70.16,72.3 1 0
spectron-backend/cmd/create-test-user/main.go:75.2,79.16 2 0
spectron-backend/cmd/create-test-user/main.go:79.16,81.3 1 0
spectron-backend/cmd/create-test-user/main.go:84.2,88.16 2 0
spectron-backend/cmd/create-test-user/main.go:88.16,90.3 1 0
spectron-backend/cmd/create-test-user/main.go:93.2,97.16 2 0
spectron-backend/cmd/create-test-user/main.go:97.16,99.3 1 0
spectron-backend/cmd/create-test-user/main.go:101.2,101.39 1 0
spectron-backend/cmd/create-test-user/main.go:101.39,103.3 1 0
spectron-backend/cmd/create-test-user/main.go:105.2,115.79 11 0
spectron-backend/cmd/hash-password/main.go:10.13,11.22 1 0
spectron-backend/cmd/hash-password/main.go:11.22,14.3 2 0
spectron-backend/cmd/hash-password/main.go:16.2,18.16 3 0
spectron-backend/cmd/hash-password/main.go:18.16,21.3 2 0
spectron-backend/cmd/hash-password/main.go:23.2,23.19 1 0
spectron-backend/cmd/api/main.go:21.13,25.16 3 0
spectron-backend/cmd/api/main.go:25.16,27.3 1 0
spectron-backend/cmd/api/main.go:28.2,28.49 1 0
spectron-backend/cmd/api/main.go:28.49,30.3 1 0
spectron-backend/cmd/api/main.go:32.2,33.16 2 0
spectron-backend/cmd/api/main.go:33.16,35.3 1 0
spectron-backend/cmd/api/main.go:36.2,38.78 2 0
spectron-backend/cmd/api/main.go:38.78,40.3 1 0
spectron-backend/cmd/api/main.go:42.2,45.16 3 0
spectron-backend/cmd/api/main.go:45.16,47.3 1 0
spectron-backend/cmd/api/main.go:48.2,49.33 2 0
spectron-backend/cmd/api/main.go:49.33,51.3 1 0
spectron-backend/cmd/api/main.go:51.8,53.3 1 0
spectron-backend/cmd/api/main.go:55.2,70.12 7 0
spectron-backend/cmd/api/main.go:70.12,73.77 3 0
spectron-backend/cmd/api/main.go:73.77,75.4 1 0
spectron-backend/cmd/api/main.go:79.2,86.42 6 0
spectron-backend/cmd/api/main.go:86.42,88.3 1 0
spectron-backend/cmd/readings-consumer/main.go:20.13,22.16 2 0
spectron-backend/cmd/readings-consumer/main.go:22.16,24.3 1 0
spectron-backend/cmd/readings-consumer/main.go:25.2,25.33 1 0
spectron-backend/cmd/readings-consumer/main.go:25.33,27.3 1 0
spectron-backend/cmd/readings-consumer/main.go:29.2,30.16 2 0
spectron-backend/cmd/readings-consumer/main.go:30.16,32.3 1 0
spectron-backend/cmd/readings-consumer/main.go:33.2,35.78 2 0
spectron-backend/cmd/readings-consumer/main.go:35.78,37.3 1 0
spectron-backend/cmd/readings-consumer/main.go:39.2,57.6 7 0
spectron-backend/cmd/readings-consumer/main.go:57.6,59.17 2 0
spectron-backend/cmd/readings-consumer/main.go:59.17,60.104 1 0
spectron-backend/cmd/readings-consumer/main.go:60.104,61.10 1 0
spectron-backend/cmd/readings-consumer/main.go:63.4,65.12 3 0
spectron-backend/cmd/readings-consumer/main.go:68.3,69.59 2 0
spectron-backend/cmd/readings-consumer/main.go:69.59,71.70 2 0
spectron-backend/cmd/readings-consumer/main.go:71.70,73.5 1 0
spectron-backend/cmd/readings-consumer/main.go:74.4,74.12 1 0
spectron-backend/cmd/readings-consumer/main.go:77.3,77.60 1 0
spectron-backend/cmd/readings-consumer/main.go:77.60,80.12 3 0
spectron-backend/cmd/readings-consumer/main.go:83.3,83.57 1 0
spectron-backend/cmd/readings-consumer/main.go:83.57,86.12 3 0
spectron-backend/cmd/readings-consumer/main.go:89.3,89.117 1 0
spectron-backend/cmd/readings-consumer/main.go:92.2,92.42 1 0
spectron-backend/cmd/mqtt-bridge/main.go:24.13,26.16 2 0
spectron-backend/cmd/mqtt-bridge/main.go:26.16,28.3 1 0
spectron-backend/cmd/mqtt-bridge/main.go:30.2,33.23 3 0
spectron-backend/cmd/mqtt-bridge/main.go:33.23,38.3 4 0
spectron-backend/cmd/mqtt-bridge/main.go:40.2,40.49 1 0
spectron-backend/cmd/mqtt-bridge/main.go:40.49,42.3 1 0
spectron-backend/cmd/mqtt-bridge/main.go:43.2,43.45 1 0
spectron-backend/cmd/mqtt-bridge/main.go:43.45,45.3 1 0
spectron-backend/cmd/mqtt-bridge/main.go:46.2,46.33 1 0
spectron-backend/cmd/mqtt-bridge/main.go:46.33,48.3 1 0
spectron-backend/cmd/mqtt-bridge/main.go:50.2,53.16 3 0
spectron-backend/cmd/mqtt-bridge/main.go:53.16,55.3 1 0
spectron-backend/cmd/mqtt-bridge/main.go:56.2,59.16 3 0
spectron-backend/cmd/mqtt-bridge/main.go:59.16,61.3 1 0
spectron-backend/cmd/mqtt-bridge/main.go:63.2,71.29 2 0
spectron-backend/cmd/mqtt-bridge/main.go:71.29,73.3 1 0
spectron-backend/cmd/mqtt-bridge/main.go:74.2,74.29 1 0
spectron-backend/cmd/mqtt-bridge/main.go:74.29,76.3 1 0
spectron-backend/cmd/mqtt-bridge/main.go:77.2,77.22 1 0
spectron-backend/cmd/mqtt-bridge/main.go:77.22,79.3 1 0
spectron-backend/cmd/mqtt-bridge/main.go:81.2,81.51 1 0
spectron-backend/cmd/mqtt-bridge/main.go:81.51,83.61 2 0
spectron-backend/cmd/mqtt-bridge/main.go:83.61,86.4 2 0
spectron-backend/cmd/mqtt-bridge/main.go:88.3,88.98 1 0
spectron-backend/cmd/mqtt-bridge/main.go:88.98,89.45 1 0
spectron-backend/cmd/mqtt-bridge/main.go:89.45,91.5 1 0
spectron-backend/cmd/mqtt-bridge/main.go:91.10,91.81 1 0
spectron-backend/cmd/mqtt-bridge/main.go:91.81,94.5 2 0
spectron-backend/cmd/mqtt-bridge/main.go:96.3,96.56 1 0
spectron-backend/cmd/mqtt-bridge/main.go:96.56,99.4 2 0
spectron-backend/cmd/mqtt-bridge/main.go:101.3,105.66 4 0
spectron-backend/cmd/mqtt-bridge/main.go:105.66,108.4 2 0
spectron-backend/cmd/mqtt-bridge/main.go:110.3,110.158 1 0
spectron-backend/cmd/mqtt-bridge/main.go:113.2,113.44 1 0
spectron-backend/cmd/mqtt-bridge/main.go:113.44,116.39 3 0
spectron-backend/cmd/mqtt-bridge/main.go:116.39,119.4 2 0
spectron-backend/cmd/mqtt-bridge/main.go:121.3,128.4 1 0
spectron-backend/cmd/mqtt-bridge/main.go:131.2,131.57 1 0
spectron-backend/cmd/mqtt-bridge/main.go:131.57,133.3 1 0
spectron-backend/cmd/mqtt-bridge/main.go:135.2,136.6 2 0
spectron-backend/cmd/mqtt-bridge/main.go:136.6,139.39 3 0
spectron-backend/cmd/mqtt-bridge/main.go:139.39,140.9 1 0
spectron-backend/cmd/mqtt-bridge/main.go:141.9,143.4 1 0
spectron-backend/cmd/mqtt-bridge/main.go:145.3,145.10 1 0
spectron-backend/cmd/mqtt-bridge/main.go:146.21,148.10 2 0
spectron-backend/cmd/mqtt-bridge/main.go:149.38,149.38 0 0
spectron-backend/cmd/mqtt-bridge/main.go:153.2,155.24 3 0
spectron-backend/cmd/mqtt-bridge/main.go:158.83,160.16 2 0
spectron-backend/cmd/mqtt-bridge/main.go:160.16,162.3 1 0
spectron-backend/cmd/mqtt-bridge/main.go:164.2,165.35 2 0
spectron-backend/cmd/mqtt-bridge/main.go:166.36,167.18 1 0
spectron-backend/cmd/mqtt-bridge/main.go:170.2,170.15 1 0
spectron-backend/cmd/mqtt-bridge/main.go:170.15,172.3 1 0
spectron-backend/cmd/mqtt-bridge/main.go:174.2,179.38 2 0
spectron-backend/cmd/mqtt-bridge/main.go:179.38,181.3 1 0
spectron-backend/cmd/mqtt-bridge/main.go:183.2,183.22 1 0
spectron-backend/cmd/mqtt-bridge/main.go:183.22,185.17 2 0
spectron-backend/cmd/mqtt-bridge/main.go:185.17,187.4 1 0
spectron-backend/cmd/mqtt-bridge/main.go:189.3,190.17 2 0
spectron-backend/cmd/mqtt-bridge/main.go:190.17,192.4 1 0
spectron-backend/cmd/mqtt-bridge/main.go:193.3,193.18 1 0
spectron-backend/cmd/mqtt-bridge/main.go:193.18,195.4 1 0
spectron-backend/cmd/mqtt-bridge/main.go:196.3,196.48 1 0
spectron-backend/cmd/mqtt-bridge/main.go:196.48,198.4 1 0
spectron-backend/cmd/mqtt-bridge/main.go:199.3,199.27 1 0
spectron-backend/cmd/mqtt-bridge/main.go:202.2,202.57 1 0
spectron-backend/cmd/mqtt-bridge/main.go:202.57,203.58 1 0
spectron-backend/cmd/mqtt-bridge/main.go:203.58,205.4 1 0
spectron-backend/cmd/mqtt-bridge/main.go:207.3,208.17 2 0
spectron-backend/cmd/mqtt-bridge/main.go:208.17,210.4 1 0
spectron-backend/cmd/mqtt-bridge/main.go:211.3,211.51 1 0
spectron-backend/cmd/mqtt-bridge/main.go:214.2,214.23 1 0
spectron-backend/cmd/mqtt-bridge/main.go:217.44,219.16 2 0
spectron-backend/cmd/mqtt-bridge/main.go:219.16,221.3 1 0
spectron-backend/cmd/mqtt-bridge/main.go:223.2,223.35 1 0
spectron-backend/cmd/mqtt-bridge/main.go:224.14,225.19 1 0
spectron-backend/cmd/mqtt-bridge/main.go:226.15,227.19 1 0
spectron-backend/cmd/mqtt-bridge/main.go:230.2,230.19 1 0
spectron-backend/cmd/mqtt-bridge/main.go:233.62,236.35 3 0
spectron-backend/cmd/mqtt-bridge/main.go:236.35,238.3 1 0
spectron-backend/cmd/mqtt-bridge/main.go:240.2,242.43 3 0
spectron-backend/cmd/mqtt-bridge/main.go:242.43,244.3 1 0
spectron-backend/cmd/mqtt-bridge/main.go:246.2,246.36 1 0
spectron-backend/cmd/mqtt-bridge/main.go:246.36,247.15 1 0
spectron-backend/cmd/mqtt-bridge/main.go:248.12,249.25 1 0
spectron-backend/cmd/mqtt-bridge/main.go:250.12,251.57 1 0
spectron-backend/cmd/mqtt-bridge/main.go:252.11,253.30 1 0
spectron-backend/cmd/mqtt-bridge/main.go:253.30,255.5 1 0
spectron-backend/cmd/mqtt-bridge/main.go:259.2,259.11 1 0
spectron-backend/cmd/verify-hash/main.go:8.13,13.16 4 0
spectron-backend/cmd/verify-hash/main.go:13.16,15.3 1 0
spectron-backend/cmd/verify-hash/main.go:15.8,17.3 1 0
spectron-backend/cmd/verify-hash/main.go:20.2,21.57 2 0
spectron-backend/internal/agri/context.go:33.51,35.16 2 1
spectron-backend/internal/agri/context.go:35.16,37.3 1 0
spectron-backend/internal/agri/context.go:38.2,38.29 1 1
spectron-backend/internal/agri/context.go:41.54,48.16 6 1
spectron-backend/internal/agri/context.go:48.16,50.3 1 0
spectron-backend/internal/agri/context.go:52.2,53.33 2 1
spectron-backend/internal/agri/context.go:53.33,54.23 1 1
spectron-backend/internal/agri/context.go:54.23,55.12 1 0
spectron-backend/internal/agri/context.go:57.3,58.63 2 1
spectron-backend/internal/agri/context.go:58.63,59.12 1 0
spectron-backend/internal/agri/context.go:62.3,63.86 2 1
spectron-backend/internal/agri/context.go:63.86,67.4 3 1
spectron-backend/internal/agri/context.go:68.3,70.44 3 1
spectron-backend/internal/agri/context.go:73.2,73.24 1 1
spectron-backend/internal/agri/context.go:76.54,82.38 5 1
spectron-backend/internal/agri/context.go:82.38,83.26 1 1
spectron-backend/internal/agri/context.go:83.26,85.4 1 1
spectron-backend/internal/agri/context.go:86.3,86.27 1 1
spectron-backend/internal/agri/context.go:86.27,88.4 1 1
spectron-backend/internal/agri/context.go:89.3,89.27 1 1
spectron-backend/internal/agri/context.go:89.27,91.4 1 1
spectron-backend/internal/agri/context.go:92.3,92.77 1 1
spectron-backend/internal/agri/context.go:92.77,94.4 1 1
spectron-backend/internal/agri/context.go:97.2,102.3 1 1
spectron-backend/internal/agri/context.go:105.85,106.18 1 1
spectron-backend/internal/agri/context.go:106.18,108.3 1 0
spectron-backend/internal/agri/context.go:110.2,112.33 3 1
spectron-backend/internal/agri/context.go:112.33,113.30 1 1
spectron-backend/internal/agri/context.go:113.30,115.4 1 1
spectron-backend/internal/agri/context.go:116.3,116.36 1 1
spectron-backend/internal/agri/context.go:116.36,117.38 1 1
spectron-backend/internal/agri/context.go:117.38,119.5 1 0
spectron-backend/internal/agri/context.go:121.3,121.38 1 1
spectron-backend/internal/agri/context.go:124.2,124.38 1 1
spectron-backend/internal/agri/context.go:124.38,126.192 2 1
spectron-backend/internal/agri/context.go:126.192,128.4 1 1
spectron-backend/internal/agri/context.go:130.2,130.38 1 1
spectron-backend/internal/agri/context.go:130.38,131.87 1 1
spectron-backend/internal/agri/context.go:131.87,133.4 1 0
spectron-backend/internal/agri/context.go:135.2,135.38 1 1
spectron-backend/internal/agri/context.go:135.38,136.55 1 1
spectron-backend/internal/agri/context.go:136.55,138.4 1 1
spectron-backend/internal/agri/context.go:141.2,141.16 1 1
spectron-backend/internal/agri/context.go:144.52,145.26 1 1
spectron-backend/internal/agri/context.go:145.26,147.3 1 0
spectron-backend/internal/agri/context.go:149.2,150.38 2 1
spectron-backend/internal/agri/context.go:150.38,151.12 1 1
spectron-backend/internal/agri/context.go:151.12,153.4 1 1
spectron-backend/internal/agri/context.go:154.3,161.5 1 1
spectron-backend/internal/agri/context.go:163.2,163.25 1 1
spectron-backend/internal/agri/context.go:166.37,175.30 3 1
spectron-backend/internal/agri/context.go:175.30,176.37 1 1
spectron-backend/internal/agri/context.go:176.37,178.4 1 1
spectron-backend/internal/agri/context.go:180.2,180.11 1 1
spectron-backend/internal/agri/context.go:183.42,184.32 1 1
spectron-backend/internal/agri/context.go:185.13,186.33 1 1
spectron-backend/internal/agri/context.go:187.20,188.23 1 1
spectron-backend/internal/agri/context.go:189.35,190.30 1 1
spectron-backend/internal/agri/context.go:191.21,192.22 1 1
spectron-backend/internal/agri/context.go:193.10,195.30 2 1
spectron-backend/internal/agri/context.go:195.30,196.22 1 1
spectron-backend/internal/agri/context.go:196.22,197.13 1 0
spectron-backend/internal/agri/context.go:199.4,199.68 1 1
spectron-backend/internal/agri/context.go:201.3,201.34 1 1
spectron-backend/internal/agri/context.go:205.43,209.37 4 1
spectron-backend/internal/agri/context.go:209.37,211.36 2 1
spectron-backend/internal/agri/context.go:211.36,212.40 1 1
spectron-backend/internal/agri/context.go:212.40,214.10 2 1
spectron-backend/internal/agri/context.go:217.3,217.27 1 1
spectron-backend/internal/agri/context.go:217.27,218.9 1 1
spectron-backend/internal/agri/context.go:221.2,221.38 1 1
spectron-backend/internal/agri/context.go:224.43,227.29 3 1
spectron-backend/internal/agri/context.go:227.29,229.17 2 1
spectron-backend/internal/agri/context.go:229.17,231.4 1 1
spectron-backend/internal/agri/context.go:233.2,233.18 1 1
spectron-backend/internal/agri/context.go:236.45,238.2 1 1
spectron-backend/internal/agri/context.go:240.50,242.26 2 1
spectron-backend/internal/agri/context.go:242.26,244.3 1 1
spectron-backend/internal/agri/context.go:245.2,246.13 2 1
spectron-backend/internal/agri/context.go:249.42,250.36 1 1
spectron-backend/internal/agri/context.go:250.36,252.3 1 1
spectron-backend/internal/agri/context.go:253.2,253.14 1 1
spectron-backend/internal/db/db.go:9.70,11.16 2 0
spectron-backend/internal/db/db.go:11.16,13.3 1 0
spectron-backend/internal/db/db.go:14.2,14.40 1 0
spectron-backend/internal/db/migrate.go:91.76,92.38 1 0
spectron-backend/internal/db/migrate.go:92.38,93.50 1 0
spectron-backend/internal/db/migrate.go:93.50,94.93 1 0
spectron-backend/internal/db/migrate.go:94.93,98.44 4 0
spectron-backend/internal/db/migrate.go:98.44,99.58 1 0
spectron-backend/internal/db/migrate.go:99.58,101.7 1 0
spectron-backend/internal/db/migrate.go:102.6,102.54 1 0
spectron-backend/internal/db/migrate.go:102.54,104.7 1 0
spectron-backend/internal/db/migrate.go:106.5,119.6 1 0
spectron-backend/internal/db/migrate.go:121.4,121.60 1 0
spectron-backend/internal/db/migrate.go:125.2,125.12 1 0
spectron-backend/internal/db/mock_seed.go:18.74,26.16 3 0
spectron-backend/internal/db/mock_seed.go:26.16,28.3 1 0
spectron-backend/internal/db/mock_seed.go:30.2,77.16 2 0
spectron-backend/internal/db/mock_seed.go:77.16,79.3 1 0
spectron-backend/internal/db/mock_seed.go:81.2,81.12 1 0
spectron-backend/internal/config/config.go:63.30,67.20 3 0
spectron-backend/internal/config/config.go:67.20,69.3 1 0
spectron-backend/internal/config/config.go:70.2,78.16 9 0
spectron-backend/internal/config/config.go:78.16,80.3 1 0
spectron-backend/internal/config/config.go:82.2,82.17 1 0
spectron-backend/internal/config/config.go:82.17,85.3 1 0
spectron-backend/internal/config/config.go:87.2,125.8 1 0
spectron-backend/internal/config/config.go:128.21,130.9 2 0
spectron-backend/internal/config/config.go:130.9,136.3 3 0
spectron-backend/internal/config/config.go:138.2,140.65 2 0
spectron-backend/internal/config/config.go:143.39,145.16 2 0
spectron-backend/internal/config/config.go:145.16,147.3 1 0
spectron-backend/internal/config/config.go:149.2,149.44 1 0
spectron-backend/internal/config/config.go:149.44,150.25 1 0
spectron-backend/internal/config/config.go:150.25,152.4 1 0
spectron-backend/internal/config/config.go:154.3,155.35 2 0
spectron-backend/internal/config/config.go:155.35,157.4 1 0
spectron-backend/internal/config/config.go:159.3,160.20 2 0
spectron-backend/internal/config/config.go:160.20,161.9 1 0
spectron-backend/internal/config/config.go:165.2,165.18 1 0
spectron-backend/internal/config/config.go:168.37,169.15 1 0
spectron-backend/internal/config/config.go:169.15,171.3 1 0
spectron-backend/internal/config/config.go:173.2,173.65 1 0
spectron-backend/internal/config/config.go:173.65,175.3 1 0
spectron-backend/internal/config/config.go:177.2,177.80 1 0
spectron-backend/internal/config/config.go:177.80,179.3 1 0
spectron-backend/internal/config/config.go:181.2,181.13 1 0
spectron-backend/internal/config/config.go:184.42,185.34 1 0
spectron-backend/internal/config/config.go:185.34,187.3 1 0
spectron-backend/internal/config/config.go:188.2,188.17 1 0
spectron-backend/internal/config/config.go:191.26,211.2 11 0
spectron-backend/internal/config/config.go:213.47,214.34 1 0
spectron-backend/internal/config/config.go:214.34,216.3 1 0
spectron-backend/internal/config/config.go:218.2,220.29 3 0
spectron-backend/internal/config/config.go:220.29,222.19 2 0
spectron-backend/internal/config/config.go:222.19,223.12 1 0
spectron-backend/internal/config/config.go:225.3,225.36 1 0
spectron-backend/internal/config/config.go:228.2,228.23 1 0
spectron-backend/internal/config/config.go:228.23,230.3 1 0
spectron-backend/internal/config/config.go:232.2,232.16 1 0
spectron-backend/internal/config/config.go:235.36,236.34 1 0
spectron-backend/internal/config/config.go:236.34,238.3 1 0
spectron-backend/internal/config/config.go:240.2,242.29 3 0
spectron-backend/internal/config/config.go:242.29,244.18 2 0
spectron-backend/internal/config/config.go:244.18,245.12 1 0
spectron-backend/internal/config/config.go:247.3,247.33 1 0
spectron-backend/internal/config/config.go:250.2,250.22 1 0
spectron-backend/internal/config/config.go:250.22,252.3 1 0
spectron-backend/internal/config/config.go:254.2,254.15 1 0
spectron-backend/internal/config/config.go:257.33,260.2 2 0
spectron-backend/internal/config/config.go:262.45,264.16 2 0
spectron-backend/internal/config/config.go:264.16,266.3 1 0
spectron-backend/internal/config/config.go:267.2,267.14 1 0
spectron-backend/internal/config/config.go:270.41,272.17 2 0
spectron-backend/internal/config/config.go:272.17,274.3 1 0
spectron-backend/internal/config/config.go:276.2,277.16 2 0
spectron-backend/internal/config/config.go:277.16,279.3 1 0
spectron-backend/internal/config/config.go:280.2,280.30 1 0
spectron-backend/internal/config/config.go:280.30,282.3 1 0
spectron-backend/internal/config/config.go:284.2,284.26 1 0
spectron-backend/internal/auth/jwt.go:18.34,20.19 2 1
spectron-backend/internal/auth/jwt.go:20.19,22.3 1 0
spectron-backend/internal/auth/jwt.go:24.2,26.22 3 1
spectron-backend/internal/auth/jwt.go:29.32,33.2 3 1
spectron-backend/internal/auth/jwt.go:42.79,56.2 3 1
spectron-backend/internal/auth/jwt.go:58.57,59.104 1 1
spectron-backend/internal/auth/jwt.go:59.104,60.58 1 1
spectron-backend/internal/auth/jwt.go:60.58,62.4 1 0
spectron-backend/internal/auth/jwt.go:63.3,63.33 1 1
spectron-backend/internal/auth/jwt.go:66.2,66.16 1 1
spectron-backend/internal/auth/jwt.go:66.16,68.3 1 1
spectron-backend/internal/auth/jwt.go:70.2,70.61 1 1
spectron-backend/internal/auth/jwt.go:70.61,72.3 1 1
spectron-backend/internal/auth/jwt.go:74.2,74.41 1 0
spectron-backend/internal/auth/password.go:5.52,8.2 2 1
spectron-backend/internal/auth/password.go:10.52,13.2 2 1
spectron-backend/internal/httpapi/admin_audit.go:49.9,51.16 2 0
spectron-backend/internal/httpapi/admin_audit.go:51.16,53.3 1 0
spectron-backend/internal/httpapi/admin_audit.go:54.2,55.19 2 0
spectron-backend/internal/httpapi/admin_audit.go:55.19,57.3 1 0
spectron-backend/internal/httpapi/admin_audit.go:59.2,77.16 2 0
spectron-backend/internal/httpapi/admin_audit.go:77.16,79.3 1 0
spectron-backend/internal/httpapi/admin_audit.go:80.2,80.33 1 0
spectron-backend/internal/httpapi/admin_audit.go:80.33,82.3 1 0
spectron-backend/internal/httpapi/admin_audit.go:83.2,83.12 1 0
spectron-backend/internal/httpapi/admin_audit.go:86.47,87.109 1 0
spectron-backend/internal/httpapi/admin_audit.go:87.109,89.3 1 0
spectron-backend/internal/httpapi/admin_audit.go:90.2,91.16 2 0
spectron-backend/internal/httpapi/admin_audit.go:91.16,93.3 1 0
spectron-backend/internal/httpapi/admin_audit.go:94.2,94.40 1 0
spectron-backend/internal/httpapi/admin_audit.go:97.89,103.18 6 0
spectron-backend/internal/httpapi/admin_audit.go:103.18,105.3 1 0
spectron-backend/internal/httpapi/admin_audit.go:107.2,120.16 3 0
spectron-backend/internal/httpapi/admin_audit.go:120.16,123.3 2 0
spectron-backend/internal/httpapi/admin_audit.go:125.2,151.16 2 0
spectron-backend/internal/httpapi/admin_audit.go:151.16,154.3 2 0
spectron-backend/internal/httpapi/admin_audit.go:155.2,158.18 3 0
spectron-backend/internal/httpapi/admin_audit.go:158.18,177.17 6 0
spectron-backend/internal/httpapi/admin_audit.go:177.17,178.12 1 0
spectron-backend/internal/httpapi/admin_audit.go:180.3,181.25 2 0
spectron-backend/internal/httpapi/admin_audit.go:181.25,184.4 2 0
spectron-backend/internal/httpapi/admin_audit.go:185.3,188.33 4 0
spectron-backend/internal/httpapi/admin_audit.go:191.2,197.4 2 0
spectron-backend/internal/httpapi/admin_audit.go:200.74,202.31 2 0
spectron-backend/internal/httpapi/admin_audit.go:202.31,204.3 1 0
spectron-backend/internal/httpapi/admin_audit.go:205.2,205.17 1 0
spectron-backend/internal/httpapi/admin_audit.go:205.17,207.3 1 0
spectron-backend/internal/httpapi/admin_audit.go:208.2,208.14 1 0
spectron-backend/internal/httpapi/agri_handler.go:14.36,16.2 1 0
spectron-backend/internal/httpapi/agri_handler.go:52.71,54.16 2 0
spectron-backend/internal/httpapi/agri_handler.go:54.16,57.3 2 0
spectron-backend/internal/httpapi/agri_handler.go:59.2,65.4 3 0
spectron-backend/internal/httpapi/agri_handler.go:68.74,70.16 2 0
spectron-backend/internal/httpapi/agri_handler.go:70.16,73.3 2 0
spectron-backend/internal/httpapi/agri_handler.go:75.2,82.4 5 0
spectron-backend/internal/httpapi/agri_handler.go:85.75,87.61 2 0
spectron-backend/internal/httpapi/agri_handler.go:87.61,90.3 2 0
spectron-backend/internal/httpapi/agri_handler.go:92.2,95.63 4 0
spectron-backend/internal/httpapi/agri_handler.go:95.63,98.3 2 0
spectron-backend/internal/httpapi/agri_handler.go:100.2,101.16 2 0
spectron-backend/internal/httpapi/agri_handler.go:101.16,104.3 2 0
spectron-backend/internal/httpapi/agri_handler.go:106.2,118.21 8 0
spectron-backend/internal/httpapi/agri_handler.go:118.21,119.207 1 0
spectron-backend/internal/httpapi/agri_handler.go:119.207,122.4 2 0
spectron-backend/internal/httpapi/agri_handler.go:125.2,125.44 1 0
spectron-backend/internal/httpapi/agri_handler.go:125.44,127.3 1 0
spectron-backend/internal/httpapi/agri_handler.go:128.2,128.50 1 0
spectron-backend/internal/httpapi/agri_handler.go:128.50,130.3 1 0
spectron-backend/internal/httpapi/agri_handler.go:132.2,141.4 3 0
spectron-backend/internal/httpapi/agri_handler.go:144.53,152.44 2 0
spectron-backend/internal/httpapi/agri_handler.go:152.44,154.3 1 0
spectron-backend/internal/httpapi/agri_handler.go:155.2,155.33 1 0
spectron-backend/internal/httpapi/agri_handler.go:158.68,160.25 2 0
spectron-backend/internal/httpapi/agri_handler.go:160.25,162.3 1 0
spectron-backend/internal/httpapi/agri_handler.go:163.2,173.3 1 0
spectron-backend/internal/httpapi/agri_handler.go:176.98,180.38 4 0
spectron-backend/internal/httpapi/agri_handler.go:180.38,181.98 1 0
spectron-backend/internal/httpapi/agri_handler.go:181.98,182.12 1 0
spectron-backend/internal/httpapi/agri_handler.go:184.3,184.101 1 0
spectron-backend/internal/httpapi/agri_handler.go:184.101,185.12 1 0
spectron-backend/internal/httpapi/agri_handler.go:187.3,187.38 1 0
spectron-backend/internal/httpapi/agri_handler.go:189.2,189.16 1 0
spectron-backend/internal/httpapi/agri_handler.go:192.79,194.38 2 0
spectron-backend/internal/httpapi/agri_handler.go:194.38,202.3 1 0
spectron-backend/internal/httpapi/agri_handler.go:203.2,203.18 1 0
spectron-backend/internal/httpapi/alert_handler.go:24.54,26.2 1 0
spectron-backend/internal/httpapi/alert_handler.go:28.69,46.27 10 0
spectron-backend/internal/httpapi/alert_handler.go:46.27,48.17 2 0
spectron-backend/internal/httpapi/alert_handler.go:48.17,52.4 3 0
spectron-backend/internal/httpapi/alert_handler.go:55.2,55.23 1 0
spectron-backend/internal/httpapi/alert_handler.go:55.23,57.17 2 0
spectron-backend/internal/httpapi/alert_handler.go:57.17,61.4 3 0
spectron-backend/internal/httpapi/alert_handler.go:64.2,64.21 1 0
spectron-backend/internal/httpapi/alert_handler.go:64.21,68.3 3 0
spectron-backend/internal/httpapi/alert_handler.go:70.2,70.20 1 0
spectron-backend/internal/httpapi/alert_handler.go:70.20,74.3 3 0
spectron-backend/internal/httpapi/alert_handler.go:76.2,76.28 1 0
spectron-backend/internal/httpapi/alert_handler.go:76.28,78.3 1 0
spectron-backend/internal/httpapi/alert_handler.go:78.8,78.36 1 0
spectron-backend/internal/httpapi/alert_handler.go:78.36,80.3 1 0
spectron-backend/internal/httpapi/alert_handler.go:82.2,85.16 3 0
spectron-backend/internal/httpapi/alert_handler.go:85.16,88.3 2 0
spectron-backend/internal/httpapi/alert_handler.go:89.2,92.18 3 0
spectron-backend/internal/httpapi/alert_handler.go:92.18,95.17 3 0
spectron-backend/internal/httpapi/alert_handler.go:95.17,96.12 1 0
spectron-backend/internal/httpapi/alert_handler.go:98.3,98.29 1 0
spectron-backend/internal/httpapi/alert_handler.go:101.2,101.35 1 0
spectron-backend/internal/httpapi/alert_handler.go:104.76,106.16 2 0
spectron-backend/internal/httpapi/alert_handler.go:106.16,109.3 2 0
spectron-backend/internal/httpapi/alert_handler.go:111.2,118.16 4 0
spectron-backend/internal/httpapi/alert_handler.go:118.16,121.3 2 0
spectron-backend/internal/httpapi/alert_handler.go:122.2,122.33 1 0
spectron-backend/internal/httpapi/alert_handler.go:122.33,125.3 2 0
spectron-backend/internal/httpapi/alert_handler.go:127.2,133.16 3 0
spectron-backend/internal/httpapi/alert_handler.go:133.16,136.3 2 0
spectron-backend/internal/httpapi/alert_handler.go:138.2,139.62 2 0
spectron-backend/internal/httpapi/alert_handler.go:149.88,153.61 3 0
spectron-backend/internal/httpapi/alert_handler.go:153.61,156.3 2 0
spectron-backend/internal/httpapi/alert_handler.go:157.2,157.46 1 0
spectron-backend/internal/httpapi/alert_handler.go:157.46,160.3 2 0
spectron-backend/internal/httpapi/alert_handler.go:162.2,163.23 2 0
spectron-backend/internal/httpapi/alert_handler.go:163.23,165.49 2 0
spectron-backend/internal/httpapi/alert_handler.go:165.49,167.4 1 0
spectron-backend/internal/httpapi/alert_handler.go:170.2,171.16 2 0
spectron-backend/internal/httpapi/alert_handler.go:171.16,174.3 2 0
spectron-backend/internal/httpapi/alert_handler.go:176.2,177.75 2 0
spectron-backend/internal/httpapi/alert_handler.go:177.75,179.17 2 0
spectron-backend/internal/httpapi/alert_handler.go:179.17,182.4 2 0
spectron-backend/internal/httpapi/alert_handler.go:183.3,183.25 1 0
spectron-backend/internal/httpapi/alert_handler.go:186.2,187.67 2 0
spectron-backend/internal/httpapi/alert_handler.go:187.67,189.17 2 0
spectron-backend/internal/httpapi/alert_handler.go:189.17,192.4 2 0
spectron-backend/internal/httpapi/alert_handler.go:193.3,193.21 1 0
spectron-backend/internal/httpapi/alert_handler.go:196.2,196.29 1 0
spectron-backend/internal/httpapi/alert_handler.go:196.29,204.17 3 0
spectron-backend/internal/httpapi/alert_handler.go:204.17,207.4 2 0
spectron-backend/internal/httpapi/alert_handler.go:210.2,211.94 2 0
spectron-backend/internal/httpapi/alert_handler.go:214.84,224.16 3 0
spectron-backend/internal/httpapi/alert_handler.go:224.16,227.3 2 0
spectron-backend/internal/httpapi/alert_handler.go:228.2,231.18 3 0
spectron-backend/internal/httpapi/alert_handler.go:231.18,236.17 3 0
spectron-backend/internal/httpapi/alert_handler.go:236.17,237.12 1 0
spectron-backend/internal/httpapi/alert_handler.go:239.3,239.49 1 0
spectron-backend/internal/httpapi/alert_handler.go:242.2,243.48 2 0
spectron-backend/internal/httpapi/alert_handler.go:246.84,248.16 2 0
spectron-backend/internal/httpapi/alert_handler.go:248.16,251.3 2 0
spectron-backend/internal/httpapi/alert_handler.go:253.2,256.16 4 0
spectron-backend/internal/httpapi/alert_handler.go:256.16,259.3 2 0
spectron-backend/internal/httpapi/alert_handler.go:260.2,260.33 1 0
spectron-backend/internal/httpapi/alert_handler.go:260.33,263.3 2 0
spectron-backend/internal/httpapi/alert_handler.go:265.2,273.16 3 0
spectron-backend/internal/httpapi/alert_handler.go:273.16,276.3 2 0
spectron-backend/internal/httpapi/alert_handler.go:278.2,284.16 2 0
spectron-backend/internal/httpapi/alert_handler.go:284.16,287.3 2 0
spectron-backend/internal/httpapi/alert_handler.go:289.2,290.97 2 0
spectron-backend/internal/httpapi/alert_handler.go:293.40,294.16 1 0
spectron-backend/internal/httpapi/alert_handler.go:294.16,296.3 1 0
spectron-backend/internal/httpapi/alert_handler.go:297.2,297.15 1 0
spectron-backend/internal/httpapi/auth_handler.go:29.74,31.2 1 0
spectron-backend/internal/httpapi/auth_handler.go:122.72,124.61 2 0
spectron-backend/internal/httpapi/auth_handler.go:124.61,127.3 2 0
spectron-backend/internal/httpapi/auth_handler.go:129.2,130.42 2 0
spectron-backend/internal/httpapi/auth_handler.go:130.42,133.3 2 0
spectron-backend/internal/httpapi/auth_handler.go:135.2,136.16 2 0
spectron-backend/internal/httpapi/auth_handler.go:136.16,140.3 3 0
spectron-backend/internal/httpapi/auth_handler.go:141.2,149.16 4 0
spectron-backend/internal/httpapi/auth_handler.go:149.16,152.3 2 0
spectron-backend/internal/httpapi/auth_handler.go:153.2,153.26 1 0
spectron-backend/internal/httpapi/auth_handler.go:153.26,157.3 3 0
spectron-backend/internal/httpapi/auth_handler.go:159.2,160.16 2 0
spectron-backend/internal/httpapi/auth_handler.go:160.16,163.3 2 0
spectron-backend/internal/httpapi/auth_handler.go:165.2,172.16 4 0
spectron-backend/internal/httpapi/auth_handler.go:172.16,174.92 2 0
spectron-backend/internal/httpapi/auth_handler.go:174.92,177.4 2 0
spectron-backend/internal/httpapi/auth_handler.go:178.3,179.9 2 0
spectron-backend/internal/httpapi/auth_handler.go:183.2,184.83 2 0
spectron-backend/internal/httpapi/auth_handler.go:184.83,186.3 1 0
spectron-backend/internal/httpapi/auth_handler.go:186.8,186.66 1 0
spectron-backend/internal/httpapi/auth_handler.go:186.66,188.3 1 0
spectron-backend/internal/httpapi/auth_handler.go:189.2,193.16 2 0
spectron-backend/internal/httpapi/auth_handler.go:193.16,197.3 3 0
spectron-backend/internal/httpapi/auth_handler.go:200.2,204.16 2 0
spectron-backend/internal/httpapi/auth_handler.go:204.16,208.3 3 0
spectron-backend/internal/httpapi/auth_handler.go:210.2,210.47 1 0
spectron-backend/internal/httpapi/auth_handler.go:210.47,214.3 3 0
spectron-backend/internal/httpapi/auth_handler.go:216.2,216.31 1 0
spectron-backend/internal/httpapi/auth_handler.go:219.56,225.2 2 0
spectron-backend/internal/httpapi/auth_handler.go:227.75,233.2 2 0
spectron-backend/internal/httpapi/auth_handler.go:235.82,240.2 2 0
spectron-backend/internal/httpapi/auth_handler.go:242.69,244.2 1 0
spectron-backend/internal/httpapi/auth_handler.go:246.74,248.2 1 0
spectron-backend/internal/httpapi/auth_handler.go:250.104,252.61 2 0
spectron-backend/internal/httpapi/auth_handler.go:252.61,255.3 2 0
spectron-backend/internal/httpapi/auth_handler.go:257.2,278.16 10 0
spectron-backend/internal/httpapi/auth_handler.go:278.16,281.3 2 0
spectron-backend/internal/httpapi/auth_handler.go:283.2,283.22 1 0
spectron-backend/internal/httpapi/auth_handler.go:283.22,288.32 1 0
spectron-backend/internal/httpapi/auth_handler.go:288.32,290.4 1 0
spectron-backend/internal/httpapi/auth_handler.go:291.3,291.25 1 0
spectron-backend/internal/httpapi/auth_handler.go:294.2,294.24 1 0
spectron-backend/internal/httpapi/auth_handler.go:294.24,295.17 1 0
spectron-backend/internal/httpapi/auth_handler.go:296.27,297.73 1 0
spectron-backend/internal/httpapi/auth_handler.go:298.19,299.71 1 0
spectron-backend/internal/httpapi/auth_handler.go:300.19,301.59 1 0
spectron-backend/internal/httpapi/auth_handler.go:302.11,303.64 1 0
spectron-backend/internal/httpapi/auth_handler.go:305.3,305.9 1 0
spectron-backend/internal/httpapi/auth_handler.go:308.2,308.57 1 0
spectron-backend/internal/httpapi/auth_handler.go:308.57,311.3 2 0
spectron-backend/internal/httpapi/auth_handler.go:314.2,315.16 2 0
spectron-backend/internal/httpapi/auth_handler.go:315.16,318.3 2 0
spectron-backend/internal/httpapi/auth_handler.go:320.2,334.4 2 0
spectron-backend/internal/httpapi/auth_handler.go:337.66,348.16 5 0
spectron-backend/internal/httpapi/auth_handler.go:348.16,351.3 2 0
spectron-backend/internal/httpapi/auth_handler.go:353.2,359.16 2 0
spectron-backend/internal/httpapi/auth_handler.go:359.16,361.19 2 0
spectron-backend/internal/httpapi/auth_handler.go:361.19,365.82 4 0
spectron-backend/internal/httpapi/auth_handler.go:365.82,366.13 1 0
spectron-backend/internal/httpapi/auth_handler.go:368.4,369.36 2 0
spectron-backend/internal/httpapi/auth_handler.go:373.2,385.37 2 0
spectron-backend/internal/httpapi/auth_handler.go:388.53,389.18 1 0
spectron-backend/internal/httpapi/auth_handler.go:389.18,391.3 1 0
spectron-backend/internal/httpapi/auth_handler.go:393.2,394.19 2 0
spectron-backend/internal/httpapi/auth_handler.go:394.19,396.3 1 0
spectron-backend/internal/httpapi/auth_handler.go:398.2,398.17 1 0
spectron-backend/internal/httpapi/auth_handler.go:401.77,405.61 3 0
spectron-backend/internal/httpapi/auth_handler.go:405.61,408.3 2 0
spectron-backend/internal/httpapi/auth_handler.go:410.2,421.16 6 0
spectron-backend/internal/httpapi/auth_handler.go:421.16,424.3 2 0
spectron-backend/internal/httpapi/auth_handler.go:426.2,426.33 1 0
spectron-backend/internal/httpapi/auth_handler.go:429.78,433.61 3 0
spectron-backend/internal/httpapi/auth_handler.go:433.61,436.3 2 0
spectron-backend/internal/httpapi/auth_handler.go:438.2,438.30 1 0
spectron-backend/internal/httpapi/auth_handler.go:438.30,441.3 2 0
spectron-backend/internal/httpapi/auth_handler.go:443.2,449.16 3 0
spectron-backend/internal/httpapi/auth_handler.go:449.16,452.3 2 0
spectron-backend/internal/httpapi/auth_handler.go:454.2,454.63 1 0
spectron-backend/internal/httpapi/auth_handler.go:454.63,457.3 2 0
spectron-backend/internal/httpapi/auth_handler.go:459.2,460.16 2 0
spectron-backend/internal/httpapi/auth_handler.go:460.16,463.3 2 0
spectron-backend/internal/httpapi/auth_handler.go:465.2,470.16 2 0
spectron-backend/internal/httpapi/auth_handler.go:470.16,473.3 2 0
spectron-backend/internal/httpapi/auth_handler.go:475.2,477.4 1 0
spectron-backend/internal/httpapi/auth_handler.go:480.77,485.61 4 0
spectron-backend/internal/httpapi/auth_handler.go:485.61,488.3 2 0
spectron-backend/internal/httpapi/auth_handler.go:490.2,498.16 4 0
spectron-backend/internal/httpapi/auth_handler.go:498.16,501.3 2 0
spectron-backend/internal/httpapi/auth_handler.go:503.2,503.21 1 0
spectron-backend/internal/httpapi/auth_handler.go:503.21,506.3 2 0
spectron-backend/internal/httpapi/auth_handler.go:508.2,508.68 1 0
spectron-backend/internal/httpapi/auth_handler.go:508.68,511.3 2 0
spectron-backend/internal/httpapi/auth_handler.go:513.2,514.16 2 0
spectron-backend/internal/httpapi/auth_handler.go:514.16,517.3 2 0
spectron-backend/internal/httpapi/auth_handler.go:518.2,565.32 3 0
spectron-backend/internal/httpapi/auth_handler.go:565.32,566.67 1 0
spectron-backend/internal/httpapi/auth_handler.go:566.67,570.4 3 0
spectron-backend/internal/httpapi/auth_handler.go:573.2,573.110 1 0
spectron-backend/internal/httpapi/auth_handler.go:573.110,577.3 3 0
spectron-backend/internal/httpapi/auth_handler.go:579.2,579.91 1 0
spectron-backend/internal/httpapi/auth_handler.go:579.91,583.3 3 0
spectron-backend/internal/httpapi/auth_handler.go:585.2,585.47 1 0
spectron-backend/internal/httpapi/auth_handler.go:585.47,589.3 3 0
spectron-backend/internal/httpapi/auth_handler.go:591.2,593.4 1 0
spectron-backend/internal/httpapi/auth_handler.go:597.73,608.16 3 0
spectron-backend/internal/httpapi/auth_handler.go:608.16,611.3 2 0
spectron-backend/internal/httpapi/auth_handler.go:612.2,625.18 4 0
spectron-backend/internal/httpapi/auth_handler.go:625.18,629.17 4 0
spectron-backend/internal/httpapi/auth_handler.go:629.17,632.4 2 0
spectron-backend/internal/httpapi/auth_handler.go:633.3,634.27 2 0
spectron-backend/internal/httpapi/auth_handler.go:636.2,636.35 1 0
spectron-backend/internal/httpapi/auth_handler.go:636.35,639.3 2 0
spectron-backend/internal/httpapi/auth_handler.go:641.2,644.4 1 0
spectron-backend/internal/httpapi/auth_handler.go:647.76,651.61 3 0
spectron-backend/internal/httpapi/auth_handler.go:651.61,654.3 2 0
spectron-backend/internal/httpapi/auth_handler.go:656.2,657.42 2 0
spectron-backend/internal/httpapi/auth_handler.go:657.42,660.3 2 0
spectron-backend/internal/httpapi/auth_handler.go:662.2,663.16 2 0
spectron-backend/internal/httpapi/auth_handler.go:663.16,666.3 2 0
spectron-backend/internal/httpapi/auth_handler.go:668.2,669.16 2 0
spectron-backend/internal/httpapi/auth_handler.go:669.16,672.3 2 0
spectron-backend/internal/httpapi/auth_handler.go:673.2,680.16 4 0
spectron-backend/internal/httpapi/auth_handler.go:680.16,681.92 1 0
spectron-backend/internal/httpapi/auth_handler.go:681.92,683.4 1 0
spectron-backend/internal/httpapi/auth_handler.go:683.9,685.4 1 0
spectron-backend/internal/httpapi/auth_handler.go:686.3,686.9 1 0
spectron-backend/internal/httpapi/auth_handler.go:689.2,693.16 2 0
spectron-backend/internal/httpapi/auth_handler.go:693.16,696.3 2 0
spectron-backend/internal/httpapi/auth_handler.go:698.2,698.47 1 0
spectron-backend/internal/httpapi/auth_handler.go:698.47,701.3 2 0
spectron-backend/internal/httpapi/auth_handler.go:703.2,710.4 1 0
spectron-backend/internal/httpapi/auth_handler.go:713.76,717.16 4 0
spectron-backend/internal/httpapi/auth_handler.go:717.16,720.3 2 0
spectron-backend/internal/httpapi/auth_handler.go:722.2,723.16 2 0
spectron-backend/internal/httpapi/auth_handler.go:723.16,726.3 2 0
spectron-backend/internal/httpapi/auth_handler.go:727.2,735.26 4 0
spectron-backend/internal/httpapi/auth_handler.go:735.26,738.3 2 0
spectron-backend/internal/httpapi/auth_handler.go:739.2,739.16 1 0
spectron-backend/internal/httpapi/auth_handler.go:739.16,742.3 2 0
spectron-backend/internal/httpapi/auth_handler.go:743.2,743.22 1 0
spectron-backend/internal/httpapi/auth_handler.go:743.22,746.3 2 0
spectron-backend/internal/httpapi/auth_handler.go:748.2,752.16 2 0
spectron-backend/internal/httpapi/auth_handler.go:752.16,756.3 3 0
spectron-backend/internal/httpapi/auth_handler.go:757.2,757.33 1 0
spectron-backend/internal/httpapi/auth_handler.go:757.33,760.3 2 0
spectron-backend/internal/httpapi/auth_handler.go:762.2,767.55 2 0
spectron-backend/internal/httpapi/auth_handler.go:767.55,770.3 2 0
spectron-backend/internal/httpapi/auth_handler.go:772.2,772.31 1 0
spectron-backend/internal/httpapi/auth_handler.go:772.31,776.28 1 0
spectron-backend/internal/httpapi/auth_handler.go:776.28,780.4 3 0
spectron-backend/internal/httpapi/auth_handler.go:783.2,783.47 1 0
spectron-backend/internal/httpapi/auth_handler.go:783.47,786.3 2 0
spectron-backend/internal/httpapi/auth_handler.go:788.2,790.4 1 0
spectron-backend/internal/httpapi/auth_handler.go:793.79,817.16 2 0
spectron-backend/internal/httpapi/auth_handler.go:817.16,820.3 2 0
spectron-backend/internal/httpapi/auth_handler.go:821.2,824.18 3 0
spectron-backend/internal/httpapi/auth_handler.go:824.18,840.17 5 0
spectron-backend/internal/httpapi/auth_handler.go:840.17,841.12 1 0
spectron-backend/internal/httpapi/auth_handler.go:843.3,846.33 4 0
spectron-backend/internal/httpapi/auth_handler.go:849.2,849.69 1 0
spectron-backend/internal/httpapi/auth_handler.go:852.80,855.61 3 0
spectron-backend/internal/httpapi/auth_handler.go:855.61,858.3 2 0
spectron-backend/internal/httpapi/auth_handler.go:860.2,862.38 3 0
spectron-backend/internal/httpapi/auth_handler.go:862.38,864.3 1 0
spectron-backend/internal/httpapi/auth_handler.go:865.2,865.19 1 0
spectron-backend/internal/httpapi/auth_handler.go:865.19,867.3 1 0
spectron-backend/internal/httpapi/auth_handler.go:868.2,868.42 1 0
spectron-backend/internal/httpapi/auth_handler.go:868.42,871.3 2 0
spectron-backend/internal/httpapi/auth_handler.go:873.2,874.16 2 0
spectron-backend/internal/httpapi/auth_handler.go:874.16,877.3 2 0
spectron-backend/internal/httpapi/auth_handler.go:879.2,880.16 2 0
spectron-backend/internal/httpapi/auth_handler.go:880.16,883.3 2 0
spectron-backend/internal/httpapi/auth_handler.go:884.2,892.16 5 0
spectron-backend/internal/httpapi/auth_handler.go:892.16,893.92 1 0
spectron-backend/internal/httpapi/auth_handler.go:893.92,895.4 1 0
spectron-backend/internal/httpapi/auth_handler.go:895.9,897.4 1 0
spectron-backend/internal/httpapi/auth_handler.go:898.3,898.9 1 0
spectron-backend/internal/httpapi/auth_handler.go:901.2,901.118 1 0
spectron-backend/internal/httpapi/auth_handler.go:901.118,904.3 2 0
spectron-backend/internal/httpapi/auth_handler.go:905.2,908.36 1 0
spectron-backend/internal/httpapi/auth_handler.go:908.36,911.3 2 0
spectron-backend/internal/httpapi/auth_handler.go:913.2,923.17 1 0
spectron-backend/internal/httpapi/auth_handler.go:923.17,926.3 2 0
spectron-backend/internal/httpapi/auth_handler.go:928.2,928.47 1 0
spectron-backend/internal/httpapi/auth_handler.go:928.47,931.3 2 0
spectron-backend/internal/httpapi/auth_handler.go:933.2,940.4 1 0
spectron-backend/internal/httpapi/auth_handler.go:943.81,945.2 1 0
spectron-backend/internal/httpapi/auth_handler.go:947.80,949.2 1 0
spectron-backend/internal/httpapi/auth_handler.go:951.98,955.16 4 0
spectron-backend/internal/httpapi/auth_handler.go:955.16,958.3 2 0
spectron-backend/internal/httpapi/auth_handler.go:960.2,961.16 2 0
spectron-backend/internal/httpapi/auth_handler.go:961.16,964.3 2 0
spectron-backend/internal/httpapi/auth_handler.go:965.2,981.26 5 0
spectron-backend/internal/httpapi/auth_handler.go:981.26,984.3 2 0
spectron-backend/internal/httpapi/auth_handler.go:985.2,985.16 1 0
spectron-backend/internal/httpapi/auth_handler.go:985.16,988.3 2 0
spectron-backend/internal/httpapi/auth_handler.go:990.2,995.16 2 0
spectron-backend/internal/httpapi/auth_handler.go:995.16,998.3 2 0
spectron-backend/internal/httpapi/auth_handler.go:1000.2,1001.24 2 0
spectron-backend/internal/httpapi/auth_handler.go:1001.24,1003.3 1 0
spectron-backend/internal/httpapi/auth_handler.go:1003.8,1003.33 1 0
spectron-backend/internal/httpapi/auth_handler.go:1003.33,1005.3 1 0
spectron-backend/internal/httpapi/auth_handler.go:1006.2,1015.17 1 0
spectron-backend/internal/httpapi/auth_handler.go:1015.17,1018.3 2 0
spectron-backend/internal/httpapi/auth_handler.go:1020.2,1020.47 1 0
spectron-backend/internal/httpapi/auth_handler.go:1020.47,1023.3 2 0
spectron-backend/internal/httpapi/auth_handler.go:1025.2,1028.4 1 0
spectron-backend/internal/httpapi/auth_handler.go:1031.80,1035.16 4 0
spectron-backend/internal/httpapi/auth_handler.go:1035.16,1038.3 2 0
spectron-backend/internal/httpapi/auth_handler.go:1041.2,1049.26 4 0
spectron-backend/internal/httpapi/auth_handler.go:1049.26,1052.3 2 0
spectron-backend/internal/httpapi/auth_handler.go:1053.2,1053.16 1 0
spectron-backend/internal/httpapi/auth_handler.go:1053.16,1057.3 3 0
spectron-backend/internal/httpapi/auth_handler.go:1059.2,1060.16 2 0
spectron-backend/internal/httpapi/auth_handler.go:1060.16,1063.3 2 0
spectron-backend/internal/httpapi/auth_handler.go:1064.2,1110.32 3 0
spectron-backend/internal/httpapi/auth_handler.go:1110.32,1111.67 1 0
spectron-backend/internal/httpapi/auth_handler.go:1111.67,1115.4 3 0
spectron-backend/internal/httpapi/auth_handler.go:1119.2,1119.116 1 0
spectron-backend/internal/httpapi/auth_handler.go:1119.116,1123.3 3 0
spectron-backend/internal/httpapi/auth_handler.go:1126.2,1126.97 1 0
spectron-backend/internal/httpapi/auth_handler.go:1126.97,1130.3 3 0
spectron-backend/internal/httpapi/auth_handler.go:1133.2,1141.17 1 0
spectron-backend/internal/httpapi/auth_handler.go:1141.17,1145.3 3 0
spectron-backend/internal/httpapi/auth_handler.go:1147.2,1147.47 1 0
spectron-backend/internal/httpapi/auth_handler.go:1147.47,1151.3 3 0
spectron-backend/internal/httpapi/auth_handler.go:1153.2,1155.4 1 0
spectron-backend/internal/httpapi/controller_handler.go:23.64,25.2 1 0
spectron-backend/internal/httpapi/controller_handler.go:27.74,38.16 3 0
spectron-backend/internal/httpapi/controller_handler.go:38.16,41.3 2 0
spectron-backend/internal/httpapi/controller_handler.go:42.2,45.18 3 0
spectron-backend/internal/httpapi/controller_handler.go:45.18,60.17 3 0
spectron-backend/internal/httpapi/controller_handler.go:60.17,61.12 1 0
spectron-backend/internal/httpapi/controller_handler.go:63.3,63.39 1 0
spectron-backend/internal/httpapi/controller_handler.go:66.2,66.40 1 0
spectron-backend/internal/httpapi/controller_handler.go:69.73,71.16 2 0
spectron-backend/internal/httpapi/controller_handler.go:71.16,74.3 2 0
spectron-backend/internal/httpapi/controller_handler.go:76.2,98.16 4 0
spectron-backend/internal/httpapi/controller_handler.go:98.16,101.3 2 0
spectron-backend/internal/httpapi/controller_handler.go:103.2,103.30 1 0
spectron-backend/internal/httpapi/controller_handler.go:106.101,113.35 3 0
spectron-backend/internal/httpapi/controller_handler.go:113.35,115.3 1 0
spectron-backend/internal/httpapi/controller_handler.go:117.2,138.107 10 0
spectron-backend/internal/httpapi/controller_handler.go:141.44,144.2 2 1
spectron-backend/internal/httpapi/controller_handler.go:146.76,148.16 2 0
spectron-backend/internal/httpapi/controller_handler.go:148.16,151.3 2 0
spectron-backend/internal/httpapi/controller_handler.go:153.2,156.61 3 0
spectron-backend/internal/httpapi/controller_handler.go:156.61,159.3 2 0
spectron-backend/internal/httpapi/controller_handler.go:162.2,166.21 4 0
spectron-backend/internal/httpapi/controller_handler.go:166.21,170.3 3 0
spectron-backend/internal/httpapi/controller_handler.go:171.2,171.24 1 0
spectron-backend/internal/httpapi/controller_handler.go:171.24,175.3 3 0
spectron-backend/internal/httpapi/controller_handler.go:176.2,176.25 1 0
spectron-backend/internal/httpapi/controller_handler.go:176.25,180.3 3 0
spectron-backend/internal/httpapi/controller_handler.go:182.2,182.23 1 0
spectron-backend/internal/httpapi/controller_handler.go:182.23,185.3 2 0
spectron-backend/internal/httpapi/controller_handler.go:187.2,194.16 4 0
spectron-backend/internal/httpapi/controller_handler.go:194.16,197.3 2 0
spectron-backend/internal/httpapi/controller_handler.go:200.2,200.13 1 0
spectron-backend/internal/httpapi/dashboard_handler.go:21.62,23.2 1 0
spectron-backend/internal/httpapi/dashboard_handler.go:25.77,60.2 9 0
spectron-backend/internal/httpapi/dashboard_handler.go:62.88,64.16 2 0
spectron-backend/internal/httpapi/dashboard_handler.go:64.16,67.3 2 0
spectron-backend/internal/httpapi/dashboard_handler.go:69.2,79.16 4 0
spectron-backend/internal/httpapi/dashboard_handler.go:79.16,82.3 2 0
spectron-backend/internal/httpapi/dashboard_handler.go:83.2,83.38 1 0
spectron-backend/internal/httpapi/dashboard_handler.go:83.38,86.3 2 0
spectron-backend/internal/httpapi/dashboard_handler.go:89.2,108.37 6 0
spectron-backend/internal/httpapi/dashboard_handler.go:111.80,113.16 2 0
spectron-backend/internal/httpapi/dashboard_handler.go:113.16,116.3 2 0
spectron-backend/internal/httpapi/dashboard_handler.go:118.2,128.16 5 0
spectron-backend/internal/httpapi/dashboard_handler.go:128.16,130.3 1 0
spectron-backend/internal/httpapi/dashboard_handler.go:130.8,138.17 2 0
spectron-backend/internal/httpapi/dashboard_handler.go:138.17,141.4 2 0
spectron-backend/internal/httpapi/dashboard_handler.go:143.2,143.34 1 0
spectron-backend/internal/httpapi/dashboard_handler.go:143.34,146.3 2 0
spectron-backend/internal/httpapi/dashboard_handler.go:149.2,156.19 6 0
spectron-backend/internal/httpapi/dashboard_handler.go:156.19,157.62 1 0
spectron-backend/internal/httpapi/dashboard_handler.go:157.62,159.4 1 0
spectron-backend/internal/httpapi/dashboard_handler.go:161.2,161.17 1 0
spectron-backend/internal/httpapi/dashboard_handler.go:161.17,162.60 1 0
spectron-backend/internal/httpapi/dashboard_handler.go:162.60,164.4 1 0
spectron-backend/internal/httpapi/dashboard_handler.go:168.2,170.23 3 0
spectron-backend/internal/httpapi/dashboard_handler.go:170.23,172.3 1 0
spectron-backend/internal/httpapi/dashboard_handler.go:173.2,173.20 1 0
spectron-backend/internal/httpapi/dashboard_handler.go:173.20,175.17 2 0
spectron-backend/internal/httpapi/dashboard_handler.go:175.17,178.4 2 0
spectron-backend/internal/httpapi/dashboard_handler.go:180.3,187.17 3 0
spectron-backend/internal/httpapi/dashboard_handler.go:187.17,190.4 2 0
spectron-backend/internal/httpapi/dashboard_handler.go:191.3,208.19 5 0
spectron-backend/internal/httpapi/dashboard_handler.go:208.19,211.58 3 0
spectron-backend/internal/httpapi/dashboard_handler.go:211.58,214.5 2 0
spectron-backend/internal/httpapi/dashboard_handler.go:216.4,218.11 3 0
spectron-backend/internal/httpapi/dashboard_handler.go:218.11,225.13 2 0
spectron-backend/internal/httpapi/dashboard_handler.go:228.4,230.27 3 0
spectron-backend/internal/httpapi/dashboard_handler.go:230.27,232.5 1 0
spectron-backend/internal/httpapi/dashboard_handler.go:233.4,233.27 1 0
spectron-backend/internal/httpapi/dashboard_handler.go:233.27,235.5 1 0
spectron-backend/internal/httpapi/dashboard_handler.go:238.3,238.36 1 0
spectron-backend/internal/httpapi/dashboard_handler.go:238.36,241.4 2 0
spectron-backend/internal/httpapi/dashboard_handler.go:243.3,244.31 2 0
spectron-backend/internal/httpapi/dashboard_handler.go:244.31,246.4 1 0
spectron-backend/internal/httpapi/dashboard_handler.go:247.3,247.40 1 0
spectron-backend/internal/httpapi/dashboard_handler.go:247.40,247.74 1 0
spectron-backend/internal/httpapi/dashboard_handler.go:249.3,250.31 2 0
spectron-backend/internal/httpapi/dashboard_handler.go:250.31,258.4 2 0
spectron-backend/internal/httpapi/dashboard_handler.go:260.3,260.38 1 0
spectron-backend/internal/httpapi/dashboard_handler.go:261.8,271.17 3 0
spectron-backend/internal/httpapi/dashboard_handler.go:271.17,274.4 2 0
spectron-backend/internal/httpapi/dashboard_handler.go:275.3,284.19 4 0
spectron-backend/internal/httpapi/dashboard_handler.go:284.19,288.25 4 0
spectron-backend/internal/httpapi/dashboard_handler.go:288.25,290.5 1 0
spectron-backend/internal/httpapi/dashboard_handler.go:291.4,291.34 1 0
spectron-backend/internal/httpapi/dashboard_handler.go:294.3,294.38 1 0
spectron-backend/internal/httpapi/dashboard_handler.go:298.63,300.19 2 0
spectron-backend/internal/httpapi/dashboard_handler.go:300.19,302.3 1 0
spectron-backend/internal/httpapi/dashboard_handler.go:304.2,304.62 1 0
spectron-backend/internal/httpapi/dashboard_handler.go:304.62,305.20 1 0
spectron-backend/internal/httpapi/dashboard_handler.go:305.20,307.4 1 0
spectron-backend/internal/httpapi/dashboard_handler.go:308.3,308.23 1 0
spectron-backend/internal/httpapi/dashboard_handler.go:311.2,311.37 1 0
spectron-backend/internal/httpapi/dashboard_handler.go:311.37,313.31 2 0
spectron-backend/internal/httpapi/dashboard_handler.go:313.31,315.4 1 0
spectron-backend/internal/httpapi/dashboard_handler.go:316.3,316.52 1 0
spectron-backend/internal/httpapi/dashboard_handler.go:319.2,320.21 2 0
spectron-backend/internal/httpapi/dashboard_handler.go:320.21,322.3 1 0
spectron-backend/internal/httpapi/dashboard_handler.go:324.2,325.30 2 0
spectron-backend/internal/httpapi/dashboard_handler.go:325.30,327.3 1 0
spectron-backend/internal/httpapi/dashboard_handler.go:329.2,329.43 1 0
spectron-backend/internal/httpapi/dashboard_handler.go:330.16,331.49 1 0
spectron-backend/internal/httpapi/dashboard_handler.go:332.14,333.47 1 0
spectron-backend/internal/httpapi/dashboard_handler.go:334.13,335.52 1 0
spectron-backend/internal/httpapi/dashboard_handler.go:336.10,337.52 1 0
spectron-backend/internal/httpapi/dashboard_handler.go:341.65,342.19 1 0
spectron-backend/internal/httpapi/dashboard_handler.go:342.19,344.3 1 0
spectron-backend/internal/httpapi/dashboard_handler.go:346.2,347.18 2 0
spectron-backend/internal/httpapi/dashboard_handler.go:347.18,349.3 1 0
spectron-backend/internal/httpapi/dashboard_handler.go:351.2,352.57 2 0
spectron-backend/internal/httpapi/hardware_controller_handler.go:31.34,33.2 1 0
spectron-backend/internal/httpapi/hardware_controller_handler.go:72.115,78.70 2 0
spectron-backend/internal/httpapi/hardware_controller_handler.go:78.70,80.3 1 0
spectron-backend/internal/httpapi/hardware_controller_handler.go:82.2,88.16 3 0
spectron-backend/internal/httpapi/hardware_controller_handler.go:88.16,90.3 1 0
spectron-backend/internal/httpapi/hardware_controller_handler.go:91.2,91.40 1 0
spectron-backend/internal/httpapi/hardware_controller_handler.go:91.40,93.3 1 0
spectron-backend/internal/httpapi/hardware_controller_handler.go:94.2,94.12 1 0
spectron-backend/internal/httpapi/hardware_controller_handler.go:97.86,100.78 3 0
spectron-backend/internal/httpapi/hardware_controller_handler.go:100.78,103.3 2 0
spectron-backend/internal/httpapi/hardware_controller_handler.go:105.2,121.16 3 0
spectron-backend/internal/httpapi/hardware_controller_handler.go:121.16,124.3 2 0
spectron-backend/internal/httpapi/hardware_controller_handler.go:126.2,134.37 2 0
spectron-backend/internal/httpapi/hardware_controller_handler.go:137.85,140.78 3 0
spectron-backend/internal/httpapi/hardware_controller_handler.go:140.78,143.3 2 0
spectron-backend/internal/httpapi/hardware_controller_handler.go:145.2,146.16 2 0
spectron-backend/internal/httpapi/hardware_controller_handler.go:146.16,149.3 2 0
spectron-backend/internal/httpapi/hardware_controller_handler.go:150.2,150.74 1 0
spectron-backend/internal/httpapi/hardware_controller_handler.go:153.90,156.78 3 0
spectron-backend/internal/httpapi/hardware_controller_handler.go:156.78,159.3 2 0
spectron-backend/internal/httpapi/hardware_controller_handler.go:161.2,162.61 2 0
spectron-backend/internal/httpapi/hardware_controller_handler.go:162.61,165.3 2 0
spectron-backend/internal/httpapi/hardware_controller_handler.go:167.2,169.24 3 0
spectron-backend/internal/httpapi/hardware_controller_handler.go:169.24,171.17 2 0
spectron-backend/internal/httpapi/hardware_controller_handler.go:171.17,174.4 2 0
spectron-backend/internal/httpapi/hardware_controller_handler.go:175.3,175.13 1 0
spectron-backend/internal/httpapi/hardware_controller_handler.go:175.13,178.4 2 0
spectron-backend/internal/httpapi/hardware_controller_handler.go:179.8,180.45 1 0
spectron-backend/internal/httpapi/hardware_controller_handler.go:180.45,183.18 3 0
spectron-backend/internal/httpapi/hardware_controller_handler.go:183.18,186.5 2 0
spectron-backend/internal/httpapi/hardware_controller_handler.go:187.4,187.15 1 0
spectron-backend/internal/httpapi/hardware_controller_handler.go:187.15,189.10 2 0
spectron-backend/internal/httpapi/hardware_controller_handler.go:192.3,192.26 1 0
spectron-backend/internal/httpapi/hardware_controller_handler.go:192.26,195.4 2 0
spectron-backend/internal/httpapi/hardware_controller_handler.go:197.2,197.48 1 0
spectron-backend/internal/httpapi/hardware_controller_handler.go:197.48,200.3 2 0
spectron-backend/internal/httpapi/hardware_controller_handler.go:202.2,203.16 2 0
spectron-backend/internal/httpapi/hardware_controller_handler.go:203.16,205.3 1 0
spectron-backend/internal/httpapi/hardware_controller_handler.go:206.2,209.16 3 0
spectron-backend/internal/httpapi/hardware_controller_handler.go:209.16,212.3 2 0
spectron-backend/internal/httpapi/hardware_controller_handler.go:213.2,234.16 4 0
spectron-backend/internal/httpapi/hardware_controller_handler.go:234.16,236.54 2 0
spectron-backend/internal/httpapi/hardware_controller_handler.go:236.54,239.4 2 0
spectron-backend/internal/httpapi/hardware_controller_handler.go:240.3,241.9 2 0
spectron-backend/internal/httpapi/hardware_controller_handler.go:244.2,244.30 1 0
spectron-backend/internal/httpapi/hardware_controller_handler.go:244.30,245.102 1 0
spectron-backend/internal/httpapi/hardware_controller_handler.go:245.102,248.4 2 0
spectron-backend/internal/httpapi/hardware_controller_handler.go:251.2,261.17 1 0
spectron-backend/internal/httpapi/hardware_controller_handler.go:261.17,264.3 2 0
spectron-backend/internal/httpapi/hardware_controller_handler.go:266.2,266.47 1 0
spectron-backend/internal/httpapi/hardware_controller_handler.go:266.47,269.3 2 0
spectron-backend/internal/httpapi/hardware_controller_handler.go:271.2,272.16 2 0
spectron-backend/internal/httpapi/hardware_controller_handler.go:272.16,275.3 2 0
spectron-backend/internal/httpapi/hardware_controller_handler.go:277.2,278.33 2 0
spectron-backend/internal/httpapi/hardware_controller_handler.go:278.33,279.60 1 0
spectron-backend/internal/httpapi/hardware_controller_handler.go:279.60,281.9 2 0
spectron-backend/internal/httpapi/hardware_controller_handler.go:285.2,289.4 1 0
spectron-backend/internal/httpapi/hardware_controller_handler.go:292.91,295.78 3 0
spectron-backend/internal/httpapi/hardware_controller_handler.go:295.78,298.3 2 0
spectron-backend/internal/httpapi/hardware_controller_handler.go:300.2,316.16 2 0
spectron-backend/internal/httpapi/hardware_controller_handler.go:316.16,319.3 2 0
spectron-backend/internal/httpapi/hardware_controller_handler.go:320.2,323.18 3 0
spectron-backend/internal/httpapi/hardware_controller_handler.go:323.18,328.104 5 0
spectron-backend/internal/httpapi/hardware_controller_handler.go:328.104,329.12 1 0
spectron-backend/internal/httpapi/hardware_controller_handler.go:331.3,333.20 3 0
spectron-backend/internal/httpapi/hardware_controller_handler.go:333.20,335.4 1 0
spectron-backend/internal/httpapi/hardware_controller_handler.go:336.3,336.33 1 0
spectron-backend/internal/httpapi/hardware_controller_handler.go:339.2,339.78 1 0
spectron-backend/internal/httpapi/hardware_controller_handler.go:342.98,345.78 3 0
spectron-backend/internal/httpapi/hardware_controller_handler.go:345.78,348.3 2 0
spectron-backend/internal/httpapi/hardware_controller_handler.go:350.2,352.19 3 0
spectron-backend/internal/httpapi/hardware_controller_handler.go:352.19,354.3 1 0
spectron-backend/internal/httpapi/hardware_controller_handler.go:355.2,356.22 2 0
spectron-backend/internal/httpapi/hardware_controller_handler.go:356.22,358.3 1 0
spectron-backend/internal/httpapi/hardware_controller_handler.go:359.2,359.23 1 0
spectron-backend/internal/httpapi/hardware_controller_handler.go:359.23,361.3 1 0
spectron-backend/internal/httpapi/hardware_controller_handler.go:363.2,364.16 2 0
spectron-backend/internal/httpapi/hardware_controller_handler.go:364.16,367.3 2 0
spectron-backend/internal/httpapi/hardware_controller_handler.go:369.2,372.16 4 0
spectron-backend/internal/httpapi/hardware_controller_handler.go:372.16,375.3 2 0
spectron-backend/internal/httpapi/hardware_controller_handler.go:376.2,382.16 3 0
spectron-backend/internal/httpapi/hardware_controller_handler.go:382.16,385.3 2 0
spectron-backend/internal/httpapi/hardware_controller_handler.go:387.2,395.17 1 0
spectron-backend/internal/httpapi/hardware_controller_handler.go:395.17,398.3 2 0
spectron-backend/internal/httpapi/hardware_controller_handler.go:400.2,400.47 1 0
spectron-backend/internal/httpapi/hardware_controller_handler.go:400.47,403.3 2 0
spectron-backend/internal/httpapi/hardware_controller_handler.go:405.2,410.4 1 0
spectron-backend/internal/httpapi/hardware_controller_handler.go:413.83,416.78 3 0
spectron-backend/internal/httpapi/hardware_controller_handler.go:416.78,419.3 2 0
spectron-backend/internal/httpapi/hardware_controller_handler.go:421.2,436.16 2 0
spectron-backend/internal/httpapi/hardware_controller_handler.go:436.16,439.3 2 0
spectron-backend/internal/httpapi/hardware_controller_handler.go:440.2,443.18 3 0
spectron-backend/internal/httpapi/hardware_controller_handler.go:443.18,447.112 4 0
spectron-backend/internal/httpapi/hardware_controller_handler.go:447.112,448.12 1 0
spectron-backend/internal/httpapi/hardware_controller_handler.go:450.3,452.30 3 0
spectron-backend/internal/httpapi/hardware_controller_handler.go:455.2,455.68 1 0
spectron-backend/internal/httpapi/hardware_controller_handler.go:458.90,461.78 3 0
spectron-backend/internal/httpapi/hardware_controller_handler.go:461.78,464.3 2 0
spectron-backend/internal/httpapi/hardware_controller_handler.go:466.2,471.47 2 0
spectron-backend/internal/httpapi/hardware_controller_handler.go:471.47,473.3 1 0
spectron-backend/internal/httpapi/hardware_controller_handler.go:474.2,474.37 1 0
spectron-backend/internal/httpapi/hardware_controller_handler.go:477.77,482.61 4 0
spectron-backend/internal/httpapi/hardware_controller_handler.go:482.61,485.3 2 0
spectron-backend/internal/httpapi/hardware_controller_handler.go:487.2,488.20 2 0
spectron-backend/internal/httpapi/hardware_controller_handler.go:488.20,490.3 1 0
spectron-backend/internal/httpapi/hardware_controller_handler.go:491.2,491.20 1 0
spectron-backend/internal/httpapi/hardware_controller_handler.go:491.20,493.3 1 0
spectron-backend/internal/httpapi/hardware_controller_handler.go:494.2,494.20 1 0
spectron-backend/internal/httpapi/hardware_controller_handler.go:494.20,497.3 2 0
spectron-backend/internal/httpapi/hardware_controller_handler.go:499.2,500.16 2 0
spectron-backend/internal/httpapi/hardware_controller_handler.go:500.16,502.30 2 0
spectron-backend/internal/httpapi/hardware_controller_handler.go:502.30,505.4 2 0
spectron-backend/internal/httpapi/hardware_controller_handler.go:506.3,508.9 3 0
spectron-backend/internal/httpapi/hardware_controller_handler.go:511.2,511.89 1 0
spectron-backend/internal/httpapi/hardware_controller_handler.go:511.89,513.3 1 0
spectron-backend/internal/httpapi/hardware_controller_handler.go:515.2,517.16 3 0
spectron-backend/internal/httpapi/hardware_controller_handler.go:517.16,519.3 1 0
spectron-backend/internal/httpapi/hardware_controller_handler.go:519.8,521.3 1 0
spectron-backend/internal/httpapi/hardware_controller_handler.go:523.2,532.4 1 0
spectron-backend/internal/httpapi/hardware_controller_handler.go:535.86,557.16 3 0
spectron-backend/internal/httpapi/hardware_controller_handler.go:557.16,560.3 2 0
spectron-backend/internal/httpapi/hardware_controller_handler.go:561.2,564.18 3 0
spectron-backend/internal/httpapi/hardware_controller_handler.go:564.18,573.146 9 0
spectron-backend/internal/httpapi/hardware_controller_handler.go:573.146,574.12 1 0
spectron-backend/internal/httpapi/hardware_controller_handler.go:577.3,578.17 2 0
spectron-backend/internal/httpapi/hardware_controller_handler.go:578.17,581.4 2 0
spectron-backend/internal/httpapi/hardware_controller_handler.go:583.3,592.5 1 0
spectron-backend/internal/httpapi/hardware_controller_handler.go:595.2,595.93 1 0
spectron-backend/internal/httpapi/hardware_controller_handler.go:598.82,623.16 3 0
spectron-backend/internal/httpapi/hardware_controller_handler.go:623.16,626.3 2 0
spectron-backend/internal/httpapi/hardware_controller_handler.go:627.2,630.18 3 0
spectron-backend/internal/httpapi/hardware_controller_handler.go:630.18,646.17 6 0
spectron-backend/internal/httpapi/hardware_controller_handler.go:646.17,649.4 2 0
spectron-backend/internal/httpapi/hardware_controller_handler.go:651.3,654.32 4 0
spectron-backend/internal/httpapi/hardware_controller_handler.go:654.32,656.4 1 0
spectron-backend/internal/httpapi/hardware_controller_handler.go:657.3,657.36 1 0
spectron-backend/internal/httpapi/hardware_controller_handler.go:660.2,660.73 1 0
spectron-backend/internal/httpapi/hardware_controller_handler.go:663.90,670.16 6 0
spectron-backend/internal/httpapi/hardware_controller_handler.go:670.16,673.3 2 0
spectron-backend/internal/httpapi/hardware_controller_handler.go:675.2,676.16 2 0
spectron-backend/internal/httpapi/hardware_controller_handler.go:676.16,679.3 2 0
spectron-backend/internal/httpapi/hardware_controller_handler.go:681.2,681.89 1 0
spectron-backend/internal/httpapi/hardware_controller_handler.go:681.89,684.3 1 0
spectron-backend/internal/httpapi/hardware_controller_handler.go:686.2,687.14 2 0
spectron-backend/internal/httpapi/hardware_controller_handler.go:687.14,688.83 1 0
spectron-backend/internal/httpapi/hardware_controller_handler.go:688.83,690.18 2 0
spectron-backend/internal/httpapi/hardware_controller_handler.go:690.18,693.5 2 0
spectron-backend/internal/httpapi/hardware_controller_handler.go:695.8,697.17 2 0
spectron-backend/internal/httpapi/hardware_controller_handler.go:697.17,700.4 2 0
spectron-backend/internal/httpapi/hardware_controller_handler.go:703.2,707.4 1 0
spectron-backend/internal/httpapi/hardware_controller_handler.go:710.97,715.16 4 0
spectron-backend/internal/httpapi/hardware_controller_handler.go:715.16,718.3 2 0
spectron-backend/internal/httpapi/hardware_controller_handler.go:720.2,721.61 2 0
spectron-backend/internal/httpapi/hardware_controller_handler.go:721.61,724.3 2 0
spectron-backend/internal/httpapi/hardware_controller_handler.go:725.2,725.21 1 0
spectron-backend/internal/httpapi/hardware_controller_handler.go:725.21,728.3 2 0
spectron-backend/internal/httpapi/hardware_controller_handler.go:730.2,731.16 2 0
spectron-backend/internal/httpapi/hardware_controller_handler.go:731.16,734.3 2 0
spectron-backend/internal/httpapi/hardware_controller_handler.go:736.2,737.16 2 0
spectron-backend/internal/httpapi/hardware_controller_handler.go:737.16,740.3 2 0
spectron-backend/internal/httpapi/hardware_controller_handler.go:741.2,751.16 3 0
spectron-backend/internal/httpapi/hardware_controller_handler.go:751.16,754.3 2 0
spectron-backend/internal/httpapi/hardware_controller_handler.go:756.2,770.16 2 0
spectron-backend/internal/httpapi/hardware_controller_handler.go:770.16,773.3 2 0
spectron-backend/internal/httpapi/hardware_controller_handler.go:775.2,775.47 1 0
spectron-backend/internal/httpapi/hardware_controller_handler.go:775.47,778.3 2 0
spectron-backend/internal/httpapi/hardware_controller_handler.go:780.2,787.4 1 0
spectron-backend/internal/httpapi/hardware_controller_handler.go:790.93,796.16 5 0
spectron-backend/internal/httpapi/hardware_controller_handler.go:796.16,799.3 2 0
spectron-backend/internal/httpapi/hardware_controller_handler.go:801.2,802.16 2 0
spectron-backend/internal/httpapi/hardware_controller_handler.go:802.16,805.3 2 0
spectron-backend/internal/httpapi/hardware_controller_handler.go:807.2,808.61 2 0
spectron-backend/internal/httpapi/hardware_controller_handler.go:808.61,811.3 2 0
spectron-backend/internal/httpapi/hardware_controller_handler.go:812.2,812.21 1 0
spectron-backend/internal/httpapi/hardware_controller_handler.go:812.21,815.3 2 0
spectron-backend/internal/httpapi/hardware_controller_handler.go:817.2,818.16 2 0
spectron-backend/internal/httpapi/hardware_controller_handler.go:818.16,821.3 2 0
spectron-backend/internal/httpapi/hardware_controller_handler.go:823.2,824.16 2 0
spectron-backend/internal/httpapi/hardware_controller_handler.go:824.16,827.3 2 0
spectron-backend/internal/httpapi/hardware_controller_handler.go:828.2,836.16 3 0
spectron-backend/internal/httpapi/hardware_controller_handler.go:836.16,839.3 2 0
spectron-backend/internal/httpapi/hardware_controller_handler.go:841.2,841.38 1 0
spectron-backend/internal/httpapi/hardware_controller_handler.go:841.38,849.17 2 0
spectron-backend/internal/httpapi/hardware_controller_handler.go:849.17,852.4 2 0
spectron-backend/internal/httpapi/hardware_controller_handler.go:855.2,855.28 1 0
spectron-backend/internal/httpapi/hardware_controller_handler.go:855.28,862.17 2 0
spectron-backend/internal/httpapi/hardware_controller_handler.go:862.17,865.4 2 0
spectron-backend/internal/httpapi/hardware_controller_handler.go:868.2,868.47 1 0
spectron-backend/internal/httpapi/hardware_controller_handler.go:868.47,871.3 2 0
spectron-backend/internal/httpapi/hardware_controller_handler.go:873.2,874.28 2 0
spectron-backend/internal/httpapi/hardware_controller_handler.go:874.28,876.3 1 0
spectron-backend/internal/httpapi/hardware_controller_handler.go:878.2,887.4 1 0
spectron-backend/internal/httpapi/hardware_controller_handler.go:890.93,896.16 5 0
spectron-backend/internal/httpapi/hardware_controller_handler.go:896.16,899.3 2 0
spectron-backend/internal/httpapi/hardware_controller_handler.go:901.2,902.16 2 0
spectron-backend/internal/httpapi/hardware_controller_handler.go:902.16,905.3 2 0
spectron-backend/internal/httpapi/hardware_controller_handler.go:908.2,915.40 3 0
spectron-backend/internal/httpapi/hardware_controller_handler.go:915.40,918.3 2 0
spectron-backend/internal/httpapi/hardware_controller_handler.go:921.2,921.22 1 0
spectron-backend/internal/httpapi/hardware_controller_handler.go:921.22,930.3 4 0
spectron-backend/internal/httpapi/hardware_controller_handler.go:932.2,933.16 2 0
spectron-backend/internal/httpapi/hardware_controller_handler.go:933.16,936.3 2 0
spectron-backend/internal/httpapi/hardware_controller_handler.go:937.2,939.28 2 0
spectron-backend/internal/httpapi/hardware_controller_handler.go:939.28,943.36 1 0
spectron-backend/internal/httpapi/hardware_controller_handler.go:943.36,946.4 2 0
spectron-backend/internal/httpapi/hardware_controller_handler.go:948.3,951.36 1 0
spectron-backend/internal/httpapi/hardware_controller_handler.go:951.36,954.4 2 0
spectron-backend/internal/httpapi/hardware_controller_handler.go:956.3,959.36 1 0
spectron-backend/internal/httpapi/hardware_controller_handler.go:959.36,962.4 2 0
spectron-backend/internal/httpapi/hardware_controller_handler.go:964.3,967.36 1 0
spectron-backend/internal/httpapi/hardware_controller_handler.go:967.36,970.4 2 0
spectron-backend/internal/httpapi/hardware_controller_handler.go:972.3,976.51 1 0
spectron-backend/internal/httpapi/hardware_controller_handler.go:976.51,979.4 2 0
spectron-backend/internal/httpapi/hardware_controller_handler.go:982.2,985.28 1 0
spectron-backend/internal/httpapi/hardware_controller_handler.go:985.28,988.3 2 0
spectron-backend/internal/httpapi/hardware_controller_handler.go:990.2,993.28 1 0
spectron-backend/internal/httpapi/hardware_controller_handler.go:993.28,996.3 2 0
spectron-backend/internal/httpapi/hardware_controller_handler.go:998.2,998.38 1 0
spectron-backend/internal/httpapi/hardware_controller_handler.go:998.38,1003.61 1 0
spectron-backend/internal/httpapi/hardware_controller_handler.go:1003.61,1006.4 2 0
spectron-backend/internal/httpapi/hardware_controller_handler.go:1008.3,1012.61 1 0
spectron-backend/internal/httpapi/hardware_controller_handler.go:1012.61,1015.4 2 0
spectron-backend/internal/httpapi/hardware_controller_handler.go:1018.2,1030.16 2 0
spectron-backend/internal/httpapi/hardware_controller_handler.go:1030.16,1033.3 2 0
spectron-backend/internal/httpapi/hardware_controller_handler.go:1034.2,1034.29 1 0
spectron-backend/internal/httpapi/hardware_controller_handler.go:1034.29,1037.3 2 0
spectron-backend/internal/httpapi/hardware_controller_handler.go:1039.2,1039.47 1 0
spectron-backend/internal/httpapi/hardware_controller_handler.go:1039.47,1042.3 2 0
spectron-backend/internal/httpapi/hardware_controller_handler.go:1044.2,1044.37 1 0
spectron-backend/internal/httpapi/hardware_controller_handler.go:1047.90,1053.16 5 0
spectron-backend/internal/httpapi/hardware_controller_handler.go:1053.16,1056.3 2 0
spectron-backend/internal/httpapi/hardware_controller_handler.go:1058.2,1058.108 1 0
spectron-backend/internal/httpapi/hardware_controller_handler.go:1058.108,1061.3 2 0
spectron-backend/internal/httpapi/hardware_controller_handler.go:1063.2,1064.16 2 0
spectron-backend/internal/httpapi/hardware_controller_handler.go:1064.16,1067.3 2 0
spectron-backend/internal/httpapi/hardware_controller_handler.go:1068.2,1070.94 2 0
spectron-backend/internal/httpapi/hardware_controller_handler.go:1070.94,1073.3 2 0
spectron-backend/internal/httpapi/hardware_controller_handler.go:1075.2,1086.16 2 0
spectron-backend/internal/httpapi/hardware_controller_handler.go:1086.16,1089.3 2 0
spectron-backend/internal/httpapi/hardware_controller_handler.go:1090.2,1090.29 1 0
spectron-backend/internal/httpapi/hardware_controller_handler.go:1090.29,1093.3 2 0
spectron-backend/internal/httpapi/hardware_controller_handler.go:1095.2,1095.47 1 0
spectron-backend/internal/httpapi/hardware_controller_handler.go:1095.47,1098.3 2 0
spectron-backend/internal/httpapi/hardware_controller_handler.go:1100.2,1103.4 1 0
spectron-backend/internal/httpapi/hardware_controller_handler.go:1106.89,1112.16 5 0
spectron-backend/internal/httpapi/hardware_controller_handler.go:1112.16,1115.3 2 0
spectron-backend/internal/httpapi/hardware_controller_handler.go:1117.2,1118.16 2 0
spectron-backend/internal/httpapi/hardware_controller_handler.go:1118.16,1121.3 2 0
spectron-backend/internal/httpapi/hardware_controller_handler.go:1123.2,1124.16 2 0
spectron-backend/internal/httpapi/hardware_controller_handler.go:1124.16,1127.3 2 0
spectron-backend/internal/httpapi/hardware_controller_handler.go:1129.2,1130.61 2 0
spectron-backend/internal/httpapi/hardware_controller_handler.go:1130.61,1133.3 2 0
spectron-backend/internal/httpapi/hardware_controller_handler.go:1135.2,1142.84 7 0
spectron-backend/internal/httpapi/hardware_controller_handler.go:1142.84,1145.3 2 0
spectron-backend/internal/httpapi/hardware_controller_handler.go:1147.2,1148.16 2 0
spectron-backend/internal/httpapi/hardware_controller_handler.go:1148.16,1151.3 2 0
spectron-backend/internal/httpapi/hardware_controller_handler.go:1153.2,1172.37 7 0
spectron-backend/internal/httpapi/hardware_controller_handler.go:1172.37,1174.3 1 0
spectron-backend/internal/httpapi/hardware_controller_handler.go:1175.2,1183.16 8 0
spectron-backend/internal/httpapi/hardware_controller_handler.go:1183.16,1186.3 2 0
spectron-backend/internal/httpapi/hardware_controller_handler.go:1188.2,1189.16 2 0
spectron-backend/internal/httpapi/hardware_controller_handler.go:1189.16,1192.3 2 0
spectron-backend/internal/httpapi/hardware_controller_handler.go:1193.2,1201.16 3 0
spectron-backend/internal/httpapi/hardware_controller_handler.go:1201.16,1204.3 2 0
spectron-backend/internal/httpapi/hardware_controller_handler.go:1206.2,1206.38 1 0
spectron-backend/internal/httpapi/hardware_controller_handler.go:1206.38,1215.17 2 0
spectron-backend/internal/httpapi/hardware_controller_handler.go:1215.17,1218.4 2 0
spectron-backend/internal/httpapi/hardware_controller_handler.go:1220.3,1238.17 2 0
spectron-backend/internal/httpapi/hardware_controller_handler.go:1238.17,1241.4 2 0
spectron-backend/internal/httpapi/hardware_controller_handler.go:1244.2,1256.16 2 0
spectron-backend/internal/httpapi/hardware_controller_handler.go:1256.16,1259.3 2 0
spectron-backend/internal/httpapi/hardware_controller_handler.go:1261.2,1268.16 2 0
spectron-backend/internal/httpapi/hardware_controller_handler.go:1268.16,1271.3 2 0
spectron-backend/internal/httpapi/hardware_controller_handler.go:1273.2,1286.16 2 0
spectron-backend/internal/httpapi/hardware_controller_handler.go:1286.16,1289.3 2 0
spectron-backend/internal/httpapi/hardware_controller_handler.go:1291.2,1293.28 3 0
spectron-backend/internal/httpapi/hardware_controller_handler.go:1293.28,1299.3 1 0
spectron-backend/internal/httpapi/hardware_controller_handler.go:1299.8,1301.91 2 0
spectron-backend/internal/httpapi/hardware_controller_handler.go:1301.91,1303.4 1 0
spectron-backend/internal/httpapi/hardware_controller_handler.go:1305.2,1305.22 1 0
spectron-backend/internal/httpapi/hardware_controller_handler.go:1305.22,1314.17 2 0
spectron-backend/internal/httpapi/hardware_controller_handler.go:1314.17,1317.4 2 0
spectron-backend/internal/httpapi/hardware_controller_handler.go:1319.3,1325.17 2 0
spectron-backend/internal/httpapi/hardware_controller_handler.go:1325.17,1328.4 2 0
spectron-backend/internal/httpapi/hardware_controller_handler.go:1330.3,1341.17 2 0
spectron-backend/internal/httpapi/hardware_controller_handler.go:1341.17,1344.4 2 0
spectron-backend/internal/httpapi/hardware_controller_handler.go:1345.8,1345.49 1 0
spectron-backend/internal/httpapi/hardware_controller_handler.go:1345.49,1348.3 2 0
spectron-backend/internal/httpapi/hardware_controller_handler.go:1362.2,1362.47 1 0
spectron-backend/internal/httpapi/hardware_controller_handler.go:1362.47,1365.3 2 0
spectron-backend/internal/httpapi/hardware_controller_handler.go:1367.2,1367.124 1 0
spectron-backend/internal/httpapi/hardware_controller_handler.go:1367.124,1369.3 1 0
spectron-backend/internal/httpapi/hardware_controller_handler.go:1371.2,1377.4 1 0
spectron-backend/internal/httpapi/hardware_controller_handler.go:1380.102,1386.16 5 0
spectron-backend/internal/httpapi/hardware_controller_handler.go:1386.16,1389.3 2 0
spectron-backend/internal/httpapi/hardware_controller_handler.go:1391.2,1392.16 2 0
spectron-backend/internal/httpapi/hardware_controller_handler.go:1392.16,1395.3 2 0
spectron-backend/internal/httpapi/hardware_controller_handler.go:1397.2,1398.61 2 0
spectron-backend/internal/httpapi/hardware_controller_handler.go:1398.61,1401.3 2 0
spectron-backend/internal/httpapi/hardware_controller_handler.go:1402.2,1405.23 4 0
spectron-backend/internal/httpapi/hardware_controller_handler.go:1405.23,1408.3 2 0
spectron-backend/internal/httpapi/hardware_controller_handler.go:1410.2,1411.16 2 0
spectron-backend/internal/httpapi/hardware_controller_handler.go:1411.16,1414.3 2 0
spectron-backend/internal/httpapi/hardware_controller_handler.go:1416.2,1420.108 5 0
spectron-backend/internal/httpapi/hardware_controller_handler.go:1420.108,1422.3 1 0
spectron-backend/internal/httpapi/hardware_controller_handler.go:1423.2,1436.22 6 0
spectron-backend/internal/httpapi/hardware_controller_handler.go:1436.22,1438.30 2 0
spectron-backend/internal/httpapi/hardware_controller_handler.go:1438.30,1440.4 1 0
spectron-backend/internal/httpapi/hardware_controller_handler.go:1440.9,1442.4 1 0
spectron-backend/internal/httpapi/hardware_controller_handler.go:1443.8,1447.3 3 0
spectron-backend/internal/httpapi/hardware_controller_handler.go:1449.2,1457.47 2 0
spectron-backend/internal/httpapi/hardware_controller_handler.go:1457.47,1459.3 1 0
spectron-backend/internal/httpapi/hardware_controller_handler.go:1460.2,1475.4 2 0
spectron-backend/internal/httpapi/hardware_controller_handler.go:1478.88,1484.16 5 0
spectron-backend/internal/httpapi/hardware_controller_handler.go:1484.16,1487.3 2 0
spectron-backend/internal/httpapi/hardware_controller_handler.go:1489.2,1490.16 2 0
spectron-backend/internal/httpapi/hardware_controller_handler.go:1490.16,1493.3 2 0
spectron-backend/internal/httpapi/hardware_controller_handler.go:1495.2,1496.16 2 0
spectron-backend/internal/httpapi/hardware_controller_handler.go:1496.16,1499.3 2 0
spectron-backend/internal/httpapi/hardware_controller_handler.go:1501.2,1513.16 6 0
spectron-backend/internal/httpapi/hardware_controller_handler.go:1513.16,1514.27 1 0
spectron-backend/internal/httpapi/hardware_controller_handler.go:1514.27,1516.23 2 0
spectron-backend/internal/httpapi/hardware_controller_handler.go:1516.23,1518.5 1 0
spectron-backend/internal/httpapi/hardware_controller_handler.go:1518.10,1525.19 2 0
spectron-backend/internal/httpapi/hardware_controller_handler.go:1525.19,1526.30 1 0
spectron-backend/internal/httpapi/hardware_controller_handler.go:1526.30,1528.7 1 0
spectron-backend/internal/httpapi/hardware_controller_handler.go:1528.12,1531.7 2 0
spectron-backend/internal/httpapi/hardware_controller_handler.go:1534.9,1537.4 2 0
spectron-backend/internal/httpapi/hardware_controller_handler.go:1540.2,1541.19 2 0
spectron-backend/internal/httpapi/hardware_controller_handler.go:1541.19,1569.17 3 0
spectron-backend/internal/httpapi/hardware_controller_handler.go:1569.17,1572.4 2 0
spectron-backend/internal/httpapi/hardware_controller_handler.go:1573.3,1574.17 2 0
spectron-backend/internal/httpapi/hardware_controller_handler.go:1574.17,1577.4 2 0
spectron-backend/internal/httpapi/hardware_controller_handler.go:1578.8,1580.17 2 0
spectron-backend/internal/httpapi/hardware_controller_handler.go:1580.17,1583.4 2 0
spectron-backend/internal/httpapi/hardware_controller_handler.go:1586.2,1587.22 2 0
spectron-backend/internal/httpapi/hardware_controller_handler.go:1587.22,1589.70 2 0
spectron-backend/internal/httpapi/hardware_controller_handler.go:1589.70,1591.4 1 0
spectron-backend/internal/httpapi/hardware_controller_handler.go:1592.3,1592.31 1 0
spectron-backend/internal/httpapi/hardware_controller_handler.go:1592.31,1594.18 2 0
spectron-backend/internal/httpapi/hardware_controller_handler.go:1594.18,1597.5 2 0
spectron-backend/internal/httpapi/hardware_controller_handler.go:1601.2,1612.4 1 0
spectron-backend/internal/httpapi/hardware_controller_handler.go:1615.93,1617.19 2 0
spectron-backend/internal/httpapi/hardware_controller_handler.go:1617.19,1619.3 1 0
spectron-backend/internal/httpapi/hardware_controller_handler.go:1621.2,1622.25 2 0
spectron-backend/internal/httpapi/hardware_controller_handler.go:1622.25,1624.3 1 0
spectron-backend/internal/httpapi/hardware_controller_handler.go:1625.2,1626.24 2 0
spectron-backend/internal/httpapi/hardware_controller_handler.go:1626.24,1628.3 1 0
spectron-backend/internal/httpapi/hardware_controller_handler.go:1630.2,1630.48 1 0
spectron-backend/internal/httpapi/hardware_controller_handler.go:1630.48,1633.3 2 0
spectron-backend/internal/httpapi/hardware_controller_handler.go:1634.2,1634.47 1 0
spectron-backend/internal/httpapi/hardware_controller_handler.go:1634.47,1637.3 2 0
spectron-backend/internal/httpapi/hardware_controller_handler.go:1639.2,1639.75 1 0
spectron-backend/internal/httpapi/hardware_controller_handler.go:1639.75,1642.3 2 0
spectron-backend/internal/httpapi/hardware_controller_handler.go:1644.2,1645.16 2 0
spectron-backend/internal/httpapi/hardware_controller_handler.go:1645.16,1648.3 2 0
spectron-backend/internal/httpapi/hardware_controller_handler.go:1649.2,1674.16 4 0
spectron-backend/internal/httpapi/hardware_controller_handler.go:1674.16,1677.3 2 0
spectron-backend/internal/httpapi/hardware_controller_handler.go:1679.2,1679.101 1 0
spectron-backend/internal/httpapi/hardware_controller_handler.go:1679.101,1682.3 2 0
spectron-backend/internal/httpapi/hardware_controller_handler.go:1684.2,1694.16 3 0
spectron-backend/internal/httpapi/hardware_controller_handler.go:1694.16,1697.3 2 0
spectron-backend/internal/httpapi/hardware_controller_handler.go:1699.2,1699.47 1 0
spectron-backend/internal/httpapi/hardware_controller_handler.go:1699.47,1702.3 2 0
spectron-backend/internal/httpapi/hardware_controller_handler.go:1704.2,1708.4 1 0
spectron-backend/internal/httpapi/hardware_controller_handler.go:1711.196,1713.16 2 0
spectron-backend/internal/httpapi/hardware_controller_handler.go:1713.16,1715.3 1 0
spectron-backend/internal/httpapi/hardware_controller_handler.go:1716.2,1720.16 4 0
spectron-backend/internal/httpapi/hardware_controller_handler.go:1720.16,1722.3 1 0
spectron-backend/internal/httpapi/hardware_controller_handler.go:1724.2,1724.96 1 0
spectron-backend/internal/httpapi/hardware_controller_handler.go:1724.96,1725.67 1 0
spectron-backend/internal/httpapi/hardware_controller_handler.go:1725.67,1727.4 1 0
spectron-backend/internal/httpapi/hardware_controller_handler.go:1728.3,1728.156 1 0
spectron-backend/internal/httpapi/hardware_controller_handler.go:1731.2,1745.16 2 0
spectron-backend/internal/httpapi/hardware_controller_handler.go:1745.16,1746.27 1 0
spectron-backend/internal/httpapi/hardware_controller_handler.go:1746.27,1748.4 1 0
spectron-backend/internal/httpapi/hardware_controller_handler.go:1749.3,1749.57 1 0
spectron-backend/internal/httpapi/hardware_controller_handler.go:1752.2,1753.16 2 0
spectron-backend/internal/httpapi/hardware_controller_handler.go:1753.16,1755.3 1 0
spectron-backend/internal/httpapi/hardware_controller_handler.go:1757.2,1757.39 1 0
spectron-backend/internal/httpapi/hardware_controller_handler.go:1757.39,1759.3 1 0
spectron-backend/internal/httpapi/hardware_controller_handler.go:1761.2,1764.28 4 0
spectron-backend/internal/httpapi/hardware_controller_handler.go:1767.137,1768.45 1 1
spectron-backend/internal/httpapi/hardware_controller_handler.go:1768.45,1770.3 1 1
spectron-backend/internal/httpapi/hardware_controller_handler.go:1772.2,1786.16 2 0
spectron-backend/internal/httpapi/hardware_controller_handler.go:1786.16,1788.3 1 0
spectron-backend/internal/httpapi/hardware_controller_handler.go:1789.2,1789.26 1 0
spectron-backend/internal/httpapi/hardware_controller_handler.go:1789.26,1791.3 1 0
spectron-backend/internal/httpapi/hardware_controller_handler.go:1793.2,1793.111 1 0
spectron-backend/internal/httpapi/hardware_controller_handler.go:1796.76,1809.2 3 0
spectron-backend/internal/httpapi/hardware_controller_handler.go:1811.151,1812.41 1 0
spectron-backend/internal/httpapi/hardware_controller_handler.go:1812.41,1814.3 1 0
spectron-backend/internal/httpapi/hardware_controller_handler.go:1816.2,1829.16 2 0
spectron-backend/internal/httpapi/hardware_controller_handler.go:1829.16,1830.27 1 0
spectron-backend/internal/httpapi/hardware_controller_handler.go:1830.27,1832.4 1 0
spectron-backend/internal/httpapi/hardware_controller_handler.go:1833.3,1833.41 1 0
spectron-backend/internal/httpapi/hardware_controller_handler.go:1836.2,1836.89 1 0
spectron-backend/internal/httpapi/hardware_controller_handler.go:1836.89,1838.3 1 0
spectron-backend/internal/httpapi/hardware_controller_handler.go:1840.2,1840.20 1 0
spectron-backend/internal/httpapi/hardware_controller_handler.go:1843.156,1844.41 1 0
spectron-backend/internal/httpapi/hardware_controller_handler.go:1844.41,1846.3 1 0
spectron-backend/internal/httpapi/hardware_controller_handler.go:1848.2,1863.16 2 0
spectron-backend/internal/httpapi/hardware_controller_handler.go:1863.16,1864.27 1 0
spectron-backend/internal/httpapi/hardware_controller_handler.go:1864.27,1866.4 1 0
spectron-backend/internal/httpapi/hardware_controller_handler.go:1867.3,1867.41 1 0
spectron-backend/internal/httpapi/hardware_controller_handler.go:1870.2,1870.20 1 0
spectron-backend/internal/httpapi/hardware_controller_handler.go:1873.150,1874.47 1 0
spectron-backend/internal/httpapi/hardware_controller_handler.go:1874.47,1876.3 1 0
spectron-backend/internal/httpapi/hardware_controller_handler.go:1878.2,1921.16 7 0
spectron-backend/internal/httpapi/hardware_controller_handler.go:1921.16,1922.27 1 0
spectron-backend/internal/httpapi/hardware_controller_handler.go:1922.27,1924.24 2 0
spectron-backend/internal/httpapi/hardware_controller_handler.go:1924.24,1926.5 1 0
spectron-backend/internal/httpapi/hardware_controller_handler.go:1927.4,1927.29 1 0
spectron-backend/internal/httpapi/hardware_controller_handler.go:1929.3,1929.37 1 0
spectron-backend/internal/httpapi/hardware_controller_handler.go:1932.2,1935.20 4 0
spectron-backend/internal/httpapi/hardware_controller_handler.go:1938.159,1962.16 2 0
spectron-backend/internal/httpapi/hardware_controller_handler.go:1962.16,1964.3 1 0
spectron-backend/internal/httpapi/hardware_controller_handler.go:1965.2,1968.18 3 0
spectron-backend/internal/httpapi/hardware_controller_handler.go:1968.18,1972.158 4 0
spectron-backend/internal/httpapi/hardware_controller_handler.go:1972.158,1974.4 1 0
spectron-backend/internal/httpapi/hardware_controller_handler.go:1975.3,1977.36 3 0
spectron-backend/internal/httpapi/hardware_controller_handler.go:1980.2,1980.28 1 0
spectron-backend/internal/httpapi/hardware_controller_handler.go:1983.115,1985.16 2 0
spectron-backend/internal/httpapi/hardware_controller_handler.go:1985.16,1987.3 1 0
spectron-backend/internal/httpapi/hardware_controller_handler.go:1989.2,2010.16 3 0
spectron-backend/internal/httpapi/hardware_controller_handler.go:2010.16,2012.3 1 0
spectron-backend/internal/httpapi/hardware_controller_handler.go:2013.2,2016.28 3 0
spectron-backend/internal/httpapi/hardware_controller_handler.go:2016.28,2018.140 2 0
spectron-backend/internal/httpapi/hardware_controller_handler.go:2018.140,2020.4 1 0
spectron-backend/internal/httpapi/hardware_controller_handler.go:2021.3,2021.70 1 0
spectron-backend/internal/httpapi/hardware_controller_handler.go:2023.2,2023.45 1 0
spectron-backend/internal/httpapi/hardware_controller_handler.go:2023.45,2025.3 1 0
spectron-backend/internal/httpapi/hardware_controller_handler.go:2026.2,2028.50 2 0
spectron-backend/internal/httpapi/hardware_controller_handler.go:2028.50,2030.23 2 0
spectron-backend/internal/httpapi/hardware_controller_handler.go:2030.23,2031.12 1 0
spectron-backend/internal/httpapi/hardware_controller_handler.go:2034.3,2047.17 1 0
spectron-backend/internal/httpapi/hardware_controller_handler.go:2047.17,2049.4 1 0
spectron-backend/internal/httpapi/hardware_controller_handler.go:2052.2,2058.16 2 0
spectron-backend/internal/httpapi/hardware_controller_handler.go:2058.16,2060.3 1 0
spectron-backend/internal/httpapi/hardware_controller_handler.go:2061.2,2064.24 3 0
spectron-backend/internal/httpapi/hardware_controller_handler.go:2064.24,2066.53 2 0
spectron-backend/internal/httpapi/hardware_controller_handler.go:2066.53,2068.4 1 0
spectron-backend/internal/httpapi/hardware_controller_handler.go:2069.3,2069.57 1 0
spectron-backend/internal/httpapi/hardware_controller_handler.go:2071.2,2071.41 1 0
spectron-backend/internal/httpapi/hardware_controller_handler.go:2071.41,2073.3 1 0
spectron-backend/internal/httpapi/hardware_controller_handler.go:2074.2,2076.45 2 0
spectron-backend/internal/httpapi/hardware_controller_handler.go:2076.45,2077.41 1 0
spectron-backend/internal/httpapi/hardware_controller_handler.go:2077.41,2078.12 1 0
spectron-backend/internal/httpapi/hardware_controller_handler.go:2080.3,2080.90 1 0
spectron-backend/internal/httpapi/hardware_controller_handler.go:2080.90,2082.4 1 0
spectron-backend/internal/httpapi/hardware_controller_handler.go:2085.2,2085.12 1 0
spectron-backend/internal/httpapi/hardware_controller_handler.go:2088.163,2110.16 2 0
spectron-backend/internal/httpapi/hardware_controller_handler.go:2110.16,2112.3 1 0
spectron-backend/internal/httpapi/hardware_controller_handler.go:2113.2,2116.18 3 0
spectron-backend/internal/httpapi/hardware_controller_handler.go:2116.18,2120.158 4 0
spectron-backend/internal/httpapi/hardware_controller_handler.go:2120.158,2122.4 1 0
spectron-backend/internal/httpapi/hardware_controller_handler.go:2123.3,2125.36 3 0
spectron-backend/internal/httpapi/hardware_controller_handler.go:2128.2,2128.28 1 0
spectron-backend/internal/httpapi/hardware_controller_handler.go:2131.142,2140.34 4 0
spectron-backend/internal/httpapi/hardware_controller_handler.go:2140.34,2164.17 3 0
spectron-backend/internal/httpapi/hardware_controller_handler.go:2164.17,2166.4 1 0
spectron-backend/internal/httpapi/hardware_controller_handler.go:2168.3,2168.44 1 0
spectron-backend/internal/httpapi/hardware_controller_handler.go:2168.44,2170.4 1 0
spectron-backend/internal/httpapi/hardware_controller_handler.go:2173.2,2173.37 1 0
spectron-backend/internal/httpapi/hardware_controller_handler.go:2173.37,2195.17 4 0
spectron-backend/internal/httpapi/hardware_controller_handler.go:2195.17,2197.4 1 0
spectron-backend/internal/httpapi/hardware_controller_handler.go:2199.3,2213.17 2 0
spectron-backend/internal/httpapi/hardware_controller_handler.go:2213.17,2215.4 1 0
spectron-backend/internal/httpapi/hardware_controller_handler.go:2218.2,2218.12 1 0
spectron-backend/internal/httpapi/hardware_controller_handler.go:2221.55,2222.72 1 0
spectron-backend/internal/httpapi/hardware_controller_handler.go:2222.72,2224.3 1 0
spectron-backend/internal/httpapi/hardware_controller_handler.go:2226.2,2227.18 2 0
spectron-backend/internal/httpapi/hardware_controller_handler.go:2227.18,2229.3 1 0
spectron-backend/internal/httpapi/hardware_controller_handler.go:2230.2,2234.3 1 0
spectron-backend/internal/httpapi/hardware_controller_handler.go:2237.159,2239.16 2 0
spectron-backend/internal/httpapi/hardware_controller_handler.go:2239.16,2240.27 1 0
spectron-backend/internal/httpapi/hardware_controller_handler.go:2240.27,2242.4 1 0
spectron-backend/internal/httpapi/hardware_controller_handler.go:2243.3,2243.37 1 0
spectron-backend/internal/httpapi/hardware_controller_handler.go:2246.2,2247.16 2 0
spectron-backend/internal/httpapi/hardware_controller_handler.go:2247.16,2249.3 1 0
spectron-backend/internal/httpapi/hardware_controller_handler.go:2251.2,2254.16 4 0
spectron-backend/internal/httpapi/hardware_controller_handler.go:2254.16,2255.27 1 0
spectron-backend/internal/httpapi/hardware_controller_handler.go:2255.27,2257.4 1 0
spectron-backend/internal/httpapi/hardware_controller_handler.go:2258.3,2258.37 1 0
spectron-backend/internal/httpapi/hardware_controller_handler.go:2261.2,2285.16 3 0
spectron-backend/internal/httpapi/hardware_controller_handler.go:2285.16,2287.3 1 0
spectron-backend/internal/httpapi/hardware_controller_handler.go:2289.2,2303.16 2 0
spectron-backend/internal/httpapi/hardware_controller_handler.go:2303.16,2305.3 1 0
spectron-backend/internal/httpapi/hardware_controller_handler.go:2307.2,2318.8 1 0
spectron-backend/internal/httpapi/hardware_controller_handler.go:2321.143,2337.20 4 0
spectron-backend/internal/httpapi/hardware_controller_handler.go:2337.20,2339.3 1 0
spectron-backend/internal/httpapi/hardware_controller_handler.go:2340.2,2340.20 1 0
spectron-backend/internal/httpapi/hardware_controller_handler.go:2343.156,2373.16 5 0
spectron-backend/internal/httpapi/hardware_controller_handler.go:2373.16,2375.3 1 0
spectron-backend/internal/httpapi/hardware_controller_handler.go:2377.2,2381.25 5 0
spectron-backend/internal/httpapi/hardware_controller_handler.go:2381.25,2383.3 1 0
spectron-backend/internal/httpapi/hardware_controller_handler.go:2385.2,2385.22 1 0
spectron-backend/internal/httpapi/hardware_controller_handler.go:2393.10,2394.15 1 0
spectron-backend/internal/httpapi/hardware_controller_handler.go:2394.15,2396.3 1 0
spectron-backend/internal/httpapi/hardware_controller_handler.go:2397.2,2397.15 1 0
spectron-backend/internal/httpapi/hardware_controller_handler.go:2397.15,2399.3 1 0
spectron-backend/internal/httpapi/hardware_controller_handler.go:2401.2,2428.30 9 0
spectron-backend/internal/httpapi/hardware_controller_handler.go:2428.30,2430.3 1 0
spectron-backend/internal/httpapi/hardware_controller_handler.go:2432.2,2433.21 2 0
spectron-backend/internal/httpapi/hardware_controller_handler.go:2433.21,2435.3 1 0
spectron-backend/internal/httpapi/hardware_controller_handler.go:2436.2,2436.40 1 0
spectron-backend/internal/httpapi/hardware_controller_handler.go:2436.40,2438.3 1 0
spectron-backend/internal/httpapi/hardware_controller_handler.go:2439.2,2439.22 1 0
spectron-backend/internal/httpapi/hardware_controller_handler.go:2439.22,2441.3 1 0
spectron-backend/internal/httpapi/hardware_controller_handler.go:2443.2,2443.34 1 0
spectron-backend/internal/httpapi/hardware_controller_handler.go:2446.60,2447.56 1 0
spectron-backend/internal/httpapi/hardware_controller_handler.go:2448.151,2449.56 1 0
spectron-backend/internal/httpapi/hardware_controller_handler.go:2450.10,2451.32 1 0
spectron-backend/internal/httpapi/hardware_controller_handler.go:2455.59,2456.52 1 0
spectron-backend/internal/httpapi/hardware_controller_handler.go:2457.30,2458.16 1 0
spectron-backend/internal/httpapi/hardware_controller_handler.go:2459.15,2460.17 1 0
spectron-backend/internal/httpapi/hardware_controller_handler.go:2461.10,2462.19 1 0
spectron-backend/internal/httpapi/hardware_controller_handler.go:2466.76,2467.49 1 0
spectron-backend/internal/httpapi/hardware_controller_handler.go:2468.30,2469.41 1 0
spectron-backend/internal/httpapi/hardware_controller_handler.go:2470.20,2471.29 1 0
spectron-backend/internal/httpapi/hardware_controller_handler.go:2472.16,2473.46 1 0
spectron-backend/internal/httpapi/hardware_controller_handler.go:2474.16,2475.46 1 0
spectron-backend/internal/httpapi/hardware_controller_handler.go:2476.18,2477.27 1 0
spectron-backend/internal/httpapi/hardware_controller_handler.go:2478.17,2479.35 1 0
spectron-backend/internal/httpapi/hardware_controller_handler.go:2480.18,2481.27 1 0
spectron-backend/internal/httpapi/hardware_controller_handler.go:2482.14,2483.23 1 0
spectron-backend/internal/httpapi/hardware_controller_handler.go:2484.13,2485.22 1 0
spectron-backend/internal/httpapi/hardware_controller_handler.go:2486.16,2487.25 1 0
spectron-backend/internal/httpapi/hardware_controller_handler.go:2488.21,2489.30 1 0
spectron-backend/internal/httpapi/hardware_controller_handler.go:2490.18,2491.27 1 0
spectron-backend/internal/httpapi/hardware_controller_handler.go:2492.10,2493.50 1 0
spectron-backend/internal/httpapi/hardware_controller_handler.go:2497.75,2499.103 2 0
spectron-backend/internal/httpapi/hardware_controller_handler.go:2499.103,2501.3 1 0
spectron-backend/internal/httpapi/hardware_controller_handler.go:2502.2,2502.49 1 0
spectron-backend/internal/httpapi/hardware_controller_handler.go:2505.157,2506.58 1 0
spectron-backend/internal/httpapi/hardware_controller_handler.go:2506.58,2508.3 1 0
spectron-backend/internal/httpapi/hardware_controller_handler.go:2510.2,2511.16 2 0
spectron-backend/internal/httpapi/hardware_controller_handler.go:2511.16,2513.3 1 0
spectron-backend/internal/httpapi/hardware_controller_handler.go:2515.2,2515.53 1 0
spectron-backend/internal/httpapi/hardware_controller_handler.go:2515.53,2517.3 1 0
spectron-backend/internal/httpapi/hardware_controller_handler.go:2518.2,2518.48 1 0
spectron-backend/internal/httpapi/hardware_controller_handler.go:2518.48,2520.3 1 0
spectron-backend/internal/httpapi/hardware_controller_handler.go:2521.2,2521.60 1 0
spectron-backend/internal/httpapi/hardware_controller_handler.go:2521.60,2523.3 1 0
spectron-backend/internal/httpapi/hardware_controller_handler.go:2524.2,2524.59 1 0
spectron-backend/internal/httpapi/hardware_controller_handler.go:2524.59,2526.74 2 0
spectron-backend/internal/httpapi/hardware_controller_handler.go:2526.74,2528.4 1 0
spectron-backend/internal/httpapi/hardware_controller_handler.go:2530.2,2530.31 1 0
spectron-backend/internal/httpapi/hardware_controller_handler.go:2530.31,2532.3 1 0
spectron-backend/internal/httpapi/hardware_controller_handler.go:2533.2,2535.41 3 0
spectron-backend/internal/httpapi/hardware_controller_handler.go:2535.41,2537.3 1 0
spectron-backend/internal/httpapi/hardware_controller_handler.go:2538.2,2540.24 2 0
spectron-backend/internal/httpapi/hardware_controller_handler.go:2543.94,2544.26 1 0
spectron-backend/internal/httpapi/hardware_controller_handler.go:2544.26,2546.48 2 0
spectron-backend/internal/httpapi/hardware_controller_handler.go:2546.48,2548.4 1 0
spectron-backend/internal/httpapi/hardware_controller_handler.go:2549.3,2557.13 4 0
spectron-backend/internal/httpapi/hardware_controller_handler.go:2560.2,2596.15 7 0
spectron-backend/internal/httpapi/hardware_controller_handler.go:2599.88,2600.40 1 1
spectron-backend/internal/httpapi/hardware_controller_handler.go:2600.40,2602.3 1 0
spectron-backend/internal/httpapi/hardware_controller_handler.go:2603.2,2603.69 1 1
spectron-backend/internal/httpapi/hardware_controller_handler.go:2603.69,2605.3 1 0
spectron-backend/internal/httpapi/hardware_controller_handler.go:2607.2,2608.77 2 1
spectron-backend/internal/httpapi/hardware_controller_handler.go:2608.77,2610.3 1 0
spectron-backend/internal/httpapi/hardware_controller_handler.go:2611.2,2611.30 1 1
spectron-backend/internal/httpapi/hardware_controller_handler.go:2611.30,2613.3 1 1
spectron-backend/internal/httpapi/hardware_controller_handler.go:2614.2,2614.30 1 1
spectron-backend/internal/httpapi/hardware_controller_handler.go:2614.30,2616.3 1 0
spectron-backend/internal/httpapi/hardware_controller_handler.go:2618.2,2618.41 1 1
spectron-backend/internal/httpapi/hardware_controller_handler.go:2618.41,2619.19 1 1
spectron-backend/internal/httpapi/hardware_controller_handler.go:2619.19,2621.12 2 0
spectron-backend/internal/httpapi/hardware_controller_handler.go:2623.3,2623.68 1 1
spectron-backend/internal/httpapi/hardware_controller_handler.go:2623.68,2625.4 1 0
spectron-backend/internal/httpapi/hardware_controller_handler.go:2628.2,2628.29 1 1
spectron-backend/internal/httpapi/hardware_controller_handler.go:2631.70,2648.4 1 1
spectron-backend/internal/httpapi/hardware_controller_handler.go:2648.4,2649.31 1 1
spectron-backend/internal/httpapi/hardware_controller_handler.go:2649.31,2651.4 1 1
spectron-backend/internal/httpapi/hardware_controller_handler.go:2653.2,2653.14 1 0
spectron-backend/internal/httpapi/hardware_controller_handler.go:2656.89,2660.53 3 1
spectron-backend/internal/httpapi/hardware_controller_handler.go:2660.53,2662.3 1 0
spectron-backend/internal/httpapi/hardware_controller_handler.go:2663.2,2663.50 1 1
spectron-backend/internal/httpapi/hardware_controller_handler.go:2663.50,2665.3 1 0
spectron-backend/internal/httpapi/hardware_controller_handler.go:2666.2,2666.24 1 1
spectron-backend/internal/httpapi/hardware_controller_handler.go:2666.24,2668.3 1 0
spectron-backend/internal/httpapi/hardware_controller_handler.go:2669.2,2672.55 3 1
spectron-backend/internal/httpapi/hardware_controller_handler.go:2672.55,2674.3 1 0
spectron-backend/internal/httpapi/hardware_controller_handler.go:2675.2,2675.52 1 1
spectron-backend/internal/httpapi/hardware_controller_handler.go:2675.52,2677.3 1 0
spectron-backend/internal/httpapi/hardware_controller_handler.go:2678.2,2678.26 1 1
spectron-backend/internal/httpapi/hardware_controller_handler.go:2678.26,2680.3 1 0
spectron-backend/internal/httpapi/hardware_controller_handler.go:2681.2,2683.67 2 1
spectron-backend/internal/httpapi/hardware_controller_handler.go:2683.67,2685.3 1 0
spectron-backend/internal/httpapi/hardware_controller_handler.go:2687.2,2687.60 1 1
spectron-backend/internal/httpapi/hardware_controller_handler.go:2687.60,2689.3 1 1
spectron-backend/internal/httpapi/hardware_controller_handler.go:2690.2,2690.79 1 1
spectron-backend/internal/httpapi/hardware_controller_handler.go:2690.79,2692.22 2 0
spectron-backend/internal/httpapi/hardware_controller_handler.go:2692.22,2694.4 1 0
spectron-backend/internal/httpapi/hardware_controller_handler.go:2695.3,2695.80 1 0
spectron-backend/internal/httpapi/hardware_controller_handler.go:2698.2,2698.23 1 1
spectron-backend/internal/httpapi/hardware_controller_handler.go:2701.121,2702.26 1 1
spectron-backend/internal/httpapi/hardware_controller_handler.go:2702.26,2704.3 1 0
spectron-backend/internal/httpapi/hardware_controller_handler.go:2705.2,2705.26 1 1
spectron-backend/internal/httpapi/hardware_controller_handler.go:2705.26,2707.3 1 1
spectron-backend/internal/httpapi/hardware_controller_handler.go:2708.2,2708.33 1 1
spectron-backend/internal/httpapi/hardware_controller_handler.go:2708.33,2710.3 1 0
spectron-backend/internal/httpapi/hardware_controller_handler.go:2711.2,2711.33 1 1
spectron-backend/internal/httpapi/hardware_controller_handler.go:2711.33,2713.3 1 0
spectron-backend/internal/httpapi/hardware_controller_handler.go:2716.69,2718.21 2 1
spectron-backend/internal/httpapi/hardware_controller_handler.go:2718.21,2720.3 1 0
spectron-backend/internal/httpapi/hardware_controller_handler.go:2721.2,2723.29 3 1
spectron-backend/internal/httpapi/hardware_controller_handler.go:2723.29,2724.17 1 1
spectron-backend/internal/httpapi/hardware_controller_handler.go:2724.17,2725.12 1 0
spectron-backend/internal/httpapi/hardware_controller_handler.go:2727.3,2727.13 1 1
spectron-backend/internal/httpapi/hardware_controller_handler.go:2727.13,2729.12 2 1
spectron-backend/internal/httpapi/hardware_controller_handler.go:2731.3,2732.20 2 0
spectron-backend/internal/httpapi/hardware_controller_handler.go:2732.20,2734.4 1 0
spectron-backend/internal/httpapi/hardware_controller_handler.go:2736.2,2736.18 1 1
spectron-backend/internal/httpapi/hardware_controller_handler.go:2736.18,2738.22 2 1
spectron-backend/internal/httpapi/hardware_controller_handler.go:2738.22,2740.4 1 1
spectron-backend/internal/httpapi/hardware_controller_handler.go:2742.2,2742.19 1 1
spectron-backend/internal/httpapi/hardware_controller_handler.go:2745.56,2746.57 1 0
spectron-backend/internal/httpapi/hardware_controller_handler.go:2746.57,2748.3 1 0
spectron-backend/internal/httpapi/hardware_controller_handler.go:2749.2,2749.17 1 0
spectron-backend/internal/httpapi/hardware_controller_handler.go:2752.41,2753.43 1 0
spectron-backend/internal/httpapi/hardware_controller_handler.go:2753.43,2756.3 2 0
spectron-backend/internal/httpapi/hardware_controller_handler.go:2757.2,2757.12 1 0
spectron-backend/internal/httpapi/hardware_controller_handler.go:2760.39,2762.26 2 0
spectron-backend/internal/httpapi/hardware_controller_handler.go:2762.26,2763.67 1 0
spectron-backend/internal/httpapi/hardware_controller_handler.go:2763.67,2765.4 1 0
spectron-backend/internal/httpapi/hardware_controller_handler.go:2767.2,2767.38 1 0
spectron-backend/internal/httpapi/hardware_controller_handler.go:2770.117,2771.45 1 1
spectron-backend/internal/httpapi/hardware_controller_handler.go:2771.45,2773.3 1 0
spectron-backend/internal/httpapi/hardware_controller_handler.go:2774.2,2774.26 1 1
spectron-backend/internal/httpapi/hardware_controller_handler.go:2774.26,2776.3 1 0
spectron-backend/internal/httpapi/hardware_controller_handler.go:2777.2,2777.50 1 1
spectron-backend/internal/httpapi/hardware_controller_handler.go:2777.50,2779.3 1 1
spectron-backend/internal/httpapi/hardware_controller_handler.go:2780.2,2780.84 1 1
spectron-backend/internal/httpapi/hardware_controller_handler.go:2780.84,2782.3 1 1
spectron-backend/internal/httpapi/hardware_controller_handler.go:2783.2,2783.26 1 1
spectron-backend/internal/httpapi/hardware_controller_handler.go:2783.26,2785.3 1 1
spectron-backend/internal/httpapi/hardware_controller_handler.go:2786.2,2786.23 1 1
spectron-backend/internal/httpapi/hardware_controller_handler.go:2786.23,2788.3 1 1
spectron-backend/internal/httpapi/hardware_controller_handler.go:2790.2,2790.52 1 1
spectron-backend/internal/httpapi/hardware_controller_handler.go:2790.52,2792.24 2 1
spectron-backend/internal/httpapi/hardware_controller_handler.go:2792.24,2794.4 1 1
spectron-backend/internal/httpapi/hardware_controller_handler.go:2797.2,2797.37 1 1
spectron-backend/internal/httpapi/hardware_controller_handler.go:2797.37,2798.36 1 1
spectron-backend/internal/httpapi/hardware_controller_handler.go:2798.36,2799.41 1 1
spectron-backend/internal/httpapi/hardware_controller_handler.go:2799.41,2801.5 1 1
spectron-backend/internal/httpapi/hardware_controller_handler.go:2805.2,2805.12 1 1
spectron-backend/internal/httpapi/hardware_controller_handler.go:2808.58,2810.20 2 1
spectron-backend/internal/httpapi/hardware_controller_handler.go:2811.151,2812.14 1 1
spectron-backend/internal/httpapi/hardware_controller_handler.go:2813.10,2814.15 1 1
spectron-backend/internal/httpapi/hardware_controller_handler.go:2818.48,2829.2 2 1
spectron-backend/internal/httpapi/hardware_controller_handler.go:2831.54,2832.27 1 1
spectron-backend/internal/httpapi/hardware_controller_handler.go:2833.15,2834.17 1 1
spectron-backend/internal/httpapi/hardware_controller_handler.go:2835.15,2836.26 1 0
spectron-backend/internal/httpapi/hardware_controller_handler.go:2837.11,2838.26 1 1
spectron-backend/internal/httpapi/hardware_controller_handler.go:2839.13,2840.26 1 0
spectron-backend/internal/httpapi/hardware_controller_handler.go:2841.19,2843.28 2 0
spectron-backend/internal/httpapi/hardware_controller_handler.go:2844.10,2845.18 1 1
spectron-backend/internal/httpapi/hardware_controller_handler.go:2849.54,2851.29 2 0
spectron-backend/internal/httpapi/hardware_controller_handler.go:2851.29,2854.3 2 0
spectron-backend/internal/httpapi/hardware_controller_handler.go:2855.2,2855.65 1 0
spectron-backend/internal/httpapi/hardware_controller_handler.go:2858.47,2860.19 2 0
spectron-backend/internal/httpapi/hardware_controller_handler.go:2860.19,2862.3 1 0
spectron-backend/internal/httpapi/hardware_controller_handler.go:2863.2,2863.16 1 0
spectron-backend/internal/httpapi/hardware_controller_handler.go:2866.106,2877.2 3 0
spectron-backend/internal/httpapi/hardware_controller_handler.go:2879.125,2880.41 1 0
spectron-backend/internal/httpapi/hardware_controller_handler.go:2880.41,2882.3 1 0
spectron-backend/internal/httpapi/hardware_controller_handler.go:2884.2,2897.16 2 0
spectron-backend/internal/httpapi/hardware_controller_handler.go:2897.16,2898.27 1 0
spectron-backend/internal/httpapi/hardware_controller_handler.go:2898.27,2900.4 1 0
spectron-backend/internal/httpapi/hardware_controller_handler.go:2901.3,2901.41 1 0
spectron-backend/internal/httpapi/hardware_controller_handler.go:2904.2,2904.20 1 0
spectron-backend/internal/httpapi/hardware_controller_handler.go:2907.105,2928.16 2 0
spectron-backend/internal/httpapi/hardware_controller_handler.go:2928.16,2930.3 1 0
spectron-backend/internal/httpapi/hardware_controller_handler.go:2931.2,2934.18 3 0
spectron-backend/internal/httpapi/hardware_controller_handler.go:2934.18,2952.17 5 0
spectron-backend/internal/httpapi/hardware_controller_handler.go:2952.17,2954.4 1 0
spectron-backend/internal/httpapi/hardware_controller_handler.go:2955.3,2956.22 2 0
spectron-backend/internal/httpapi/hardware_controller_handler.go:2956.22,2958.4 1 0
spectron-backend/internal/httpapi/hardware_controller_handler.go:2959.3,2959.23 1 0
spectron-backend/internal/httpapi/hardware_controller_handler.go:2959.23,2961.4 1 0
spectron-backend/internal/httpapi/hardware_controller_handler.go:2962.3,2962.36 1 0
spectron-backend/internal/httpapi/hardware_controller_handler.go:2965.2,2965.28 1 0
spectron-backend/internal/httpapi/hardware_controller_handler.go:2968.36,2969.17 1 0
spectron-backend/internal/httpapi/hardware_controller_handler.go:2969.17,2971.3 1 0
spectron-backend/internal/httpapi/hardware_controller_handler.go:2973.2,2974.42 2 0
spectron-backend/internal/httpapi/hardware_controller_handler.go:2974.42,2976.3 1 0
spectron-backend/internal/httpapi/hardware_controller_handler.go:2978.2,2979.27 2 0
spectron-backend/internal/httpapi/hardware_controller_handler.go:2979.27,2981.3 1 0
spectron-backend/internal/httpapi/hardware_controller_handler.go:2982.2,2982.16 1 0
spectron-backend/internal/httpapi/ingest_handler.go:33.92,34.22 1 0
spectron-backend/internal/httpapi/ingest_handler.go:34.22,36.3 1 0
spectron-backend/internal/httpapi/ingest_handler.go:38.2,42.3 1 0
spectron-backend/internal/httpapi/ingest_handler.go:45.72,47.61 2 0
spectron-backend/internal/httpapi/ingest_handler.go:47.61,50.3 2 0
spectron-backend/internal/httpapi/ingest_handler.go:52.2,52.55 1 0
spectron-backend/internal/httpapi/ingest_handler.go:52.55,55.3 2 0
spectron-backend/internal/httpapi/ingest_handler.go:57.2,64.16 4 0
spectron-backend/internal/httpapi/ingest_handler.go:64.16,65.36 1 0
spectron-backend/internal/httpapi/ingest_handler.go:65.36,68.4 2 0
spectron-backend/internal/httpapi/ingest_handler.go:69.3,70.9 2 0
spectron-backend/internal/httpapi/ingest_handler.go:73.2,75.69 3 0
spectron-backend/internal/httpapi/ingest_handler.go:75.69,78.3 2 0
spectron-backend/internal/httpapi/ingest_handler.go:90.2,91.75 2 0
spectron-backend/internal/httpapi/ingest_handler.go:91.75,92.46 1 0
spectron-backend/internal/httpapi/ingest_handler.go:92.46,94.4 1 0
spectron-backend/internal/httpapi/ingest_handler.go:94.9,96.4 1 0
spectron-backend/internal/httpapi/ingest_handler.go:97.8,99.3 1 0
spectron-backend/internal/httpapi/ingest_handler.go:101.2,113.4 3 0
spectron-backend/internal/httpapi/ingest_handler.go:116.74,118.61 2 0
spectron-backend/internal/httpapi/ingest_handler.go:118.61,121.3 2 0
spectron-backend/internal/httpapi/ingest_handler.go:123.2,123.64 1 0
spectron-backend/internal/httpapi/ingest_handler.go:123.64,126.3 2 0
spectron-backend/internal/httpapi/ingest_handler.go:128.2,138.16 4 0
spectron-backend/internal/httpapi/ingest_handler.go:138.16,139.36 1 0
spectron-backend/internal/httpapi/ingest_handler.go:139.36,142.4 2 0
spectron-backend/internal/httpapi/ingest_handler.go:143.3,144.9 2 0
spectron-backend/internal/httpapi/ingest_handler.go:147.2,148.40 2 0
spectron-backend/internal/httpapi/ingest_handler.go:148.40,151.3 2 0
spectron-backend/internal/httpapi/ingest_handler.go:153.2,155.16 3 0
spectron-backend/internal/httpapi/ingest_handler.go:155.16,158.3 2 0
spectron-backend/internal/httpapi/ingest_handler.go:159.2,173.16 3 0
spectron-backend/internal/httpapi/ingest_handler.go:173.16,176.3 2 0
spectron-backend/internal/httpapi/ingest_handler.go:178.2,178.37 1 0
spectron-backend/internal/httpapi/ingest_handler.go:178.37,197.17 8 0
spectron-backend/internal/httpapi/ingest_handler.go:197.17,200.4 2 0
spectron-backend/internal/httpapi/ingest_handler.go:202.3,203.25 2 0
spectron-backend/internal/httpapi/ingest_handler.go:203.25,205.4 1 0
spectron-backend/internal/httpapi/ingest_handler.go:207.3,208.28 2 0
spectron-backend/internal/httpapi/ingest_handler.go:208.28,220.65 2 0
spectron-backend/internal/httpapi/ingest_handler.go:220.65,223.5 2 0
spectron-backend/internal/httpapi/ingest_handler.go:226.3,249.17 3 0
spectron-backend/internal/httpapi/ingest_handler.go:249.17,252.4 2 0
spectron-backend/internal/httpapi/ingest_handler.go:254.3,254.28 1 0
spectron-backend/internal/httpapi/ingest_handler.go:254.28,268.18 1 0
spectron-backend/internal/httpapi/ingest_handler.go:268.18,271.5 2 0
spectron-backend/internal/httpapi/ingest_handler.go:275.2,275.47 1 0
spectron-backend/internal/httpapi/ingest_handler.go:275.47,278.3 2 0
spectron-backend/internal/httpapi/ingest_handler.go:280.2,289.4 3 0
spectron-backend/internal/httpapi/ingest_handler.go:292.72,294.61 2 0
spectron-backend/internal/httpapi/ingest_handler.go:294.61,297.3 2 0
spectron-backend/internal/httpapi/ingest_handler.go:299.2,299.59 1 0
spectron-backend/internal/httpapi/ingest_handler.go:299.59,302.3 2 0
spectron-backend/internal/httpapi/ingest_handler.go:304.2,307.22 4 0
spectron-backend/internal/httpapi/ingest_handler.go:307.22,309.3 1 0
spectron-backend/internal/httpapi/ingest_handler.go:311.2,322.16 5 0
spectron-backend/internal/httpapi/ingest_handler.go:322.16,323.36 1 0
spectron-backend/internal/httpapi/ingest_handler.go:323.36,326.4 2 0
spectron-backend/internal/httpapi/ingest_handler.go:327.3,328.9 2 0
spectron-backend/internal/httpapi/ingest_handler.go:331.2,332.40 2 0
spectron-backend/internal/httpapi/ingest_handler.go:332.40,335.3 2 0
spectron-backend/internal/httpapi/ingest_handler.go:337.2,362.20 4 0
spectron-backend/internal/httpapi/ingest_handler.go:362.20,368.28 5 0
spectron-backend/internal/httpapi/ingest_handler.go:368.28,388.52 3 0
spectron-backend/internal/httpapi/ingest_handler.go:388.52,391.5 2 0
spectron-backend/internal/httpapi/ingest_handler.go:394.3,394.36 1 0
spectron-backend/internal/httpapi/ingest_handler.go:394.36,414.52 2 0
spectron-backend/internal/httpapi/ingest_handler.go:414.52,417.5 2 0
spectron-backend/internal/httpapi/ingest_handler.go:420.3,420.36 1 0
spectron-backend/internal/httpapi/ingest_handler.go:420.36,434.52 2 0
spectron-backend/internal/httpapi/ingest_handler.go:434.52,437.5 2 0
spectron-backend/internal/httpapi/ingest_handler.go:440.3,440.82 1 0
spectron-backend/internal/httpapi/ingest_handler.go:440.82,442.4 1 0
spectron-backend/internal/httpapi/ingest_handler.go:444.3,444.70 1 0
spectron-backend/internal/httpapi/ingest_handler.go:444.70,446.22 2 0
spectron-backend/internal/httpapi/ingest_handler.go:446.22,449.5 2 0
spectron-backend/internal/httpapi/ingest_handler.go:451.4,453.63 3 0
spectron-backend/internal/httpapi/ingest_handler.go:454.28,456.144 2 0
spectron-backend/internal/httpapi/ingest_handler.go:457.31,459.144 2 0
spectron-backend/internal/httpapi/ingest_handler.go:460.12,462.144 2 0
spectron-backend/internal/httpapi/ingest_handler.go:464.4,465.23 2 0
spectron-backend/internal/httpapi/ingest_handler.go:465.23,467.5 1 0
spectron-backend/internal/httpapi/ingest_handler.go:471.2,471.25 1 0
spectron-backend/internal/httpapi/ingest_handler.go:471.25,473.3 1 0
spectron-backend/internal/httpapi/ingest_handler.go:475.2,477.37 3 0
spectron-backend/internal/httpapi/ingest_handler.go:480.44,482.19 2 0
spectron-backend/internal/httpapi/ingest_handler.go:482.19,484.3 1 0
spectron-backend/internal/httpapi/ingest_handler.go:485.2,485.17 1 0
spectron-backend/internal/httpapi/ingest_handler.go:488.121,490.27 2 0
spectron-backend/internal/httpapi/ingest_handler.go:490.27,492.3 1 0
spectron-backend/internal/httpapi/ingest_handler.go:494.2,494.104 1 0
spectron-backend/internal/httpapi/ingest_handler.go:497.78,499.65 2 1
spectron-backend/internal/httpapi/ingest_handler.go:499.65,501.42 2 1
spectron-backend/internal/httpapi/ingest_handler.go:501.42,503.4 1 1
spectron-backend/internal/httpapi/ingest_handler.go:506.2,507.57 2 1
spectron-backend/internal/httpapi/ingest_handler.go:507.57,509.3 1 0
spectron-backend/internal/httpapi/ingest_handler.go:511.2,540.20 6 1
spectron-backend/internal/httpapi/ingest_handler.go:543.65,544.43 1 1
spectron-backend/internal/httpapi/ingest_handler.go:544.43,546.3 1 0
spectron-backend/internal/httpapi/ingest_handler.go:547.2,547.11 1 1
spectron-backend/internal/httpapi/ingest_handler.go:550.73,551.34 1 1
spectron-backend/internal/httpapi/ingest_handler.go:551.34,552.28 1 1
spectron-backend/internal/httpapi/ingest_handler.go:553.16,554.17 1 1
spectron-backend/internal/httpapi/ingest_handler.go:555.16,556.17 1 0
spectron-backend/internal/httpapi/ingest_handler.go:557.12,558.12 1 0
spectron-backend/internal/httpapi/ingest_handler.go:559.14,560.17 1 0
spectron-backend/internal/httpapi/ingest_handler.go:561.14,562.17 1 0
spectron-backend/internal/httpapi/ingest_handler.go:565.2,565.17 1 0
spectron-backend/internal/httpapi/ingest_handler.go:568.69,570.9 2 1
spectron-backend/internal/httpapi/ingest_handler.go:570.9,572.3 1 1
spectron-backend/internal/httpapi/ingest_handler.go:573.2,573.27 1 1
spectron-backend/internal/httpapi/ingest_handler.go:574.15,576.15 2 1
spectron-backend/internal/httpapi/ingest_handler.go:577.15,579.15 2 0
spectron-backend/internal/httpapi/ingest_handler.go:580.11,582.15 2 0
spectron-backend/internal/httpapi/ingest_handler.go:583.13,585.15 2 0
spectron-backend/internal/httpapi/ingest_handler.go:586.13,588.15 2 0
spectron-backend/internal/httpapi/ingest_handler.go:589.10,590.13 1 0
spectron-backend/internal/httpapi/ingest_handler.go:594.76,595.25 1 1
spectron-backend/internal/httpapi/ingest_handler.go:595.25,597.3 1 0
spectron-backend/internal/httpapi/ingest_handler.go:599.2,600.24 2 1
spectron-backend/internal/httpapi/ingest_handler.go:600.24,602.3 1 1
spectron-backend/internal/httpapi/ingest_handler.go:604.2,605.34 2 1
spectron-backend/internal/httpapi/ingest_handler.go:605.34,607.3 1 1
spectron-backend/internal/httpapi/ingest_handler.go:609.2,609.50 1 1
spectron-backend/internal/httpapi/ingest_handler.go:612.95,613.36 1 1
spectron-backend/internal/httpapi/ingest_handler.go:613.36,614.78 1 1
spectron-backend/internal/httpapi/ingest_handler.go:614.78,616.4 1 1
spectron-backend/internal/httpapi/ingest_handler.go:619.2,619.26 1 0
spectron-backend/internal/httpapi/ingest_handler.go:622.81,623.33 1 1
spectron-backend/internal/httpapi/ingest_handler.go:623.33,625.3 1 1
spectron-backend/internal/httpapi/ingest_handler.go:626.2,626.26 1 1
spectron-backend/internal/httpapi/ingest_handler.go:626.26,628.3 1 1
spectron-backend/internal/httpapi/ingest_handler.go:629.2,629.21 1 1
spectron-backend/internal/httpapi/middleware.go:19.53,20.71 1 0
spectron-backend/internal/httpapi/middleware.go:20.71,22.23 2 0
spectron-backend/internal/httpapi/middleware.go:22.23,25.4 2 0
spectron-backend/internal/httpapi/middleware.go:27.3,28.46 2 0
spectron-backend/internal/httpapi/middleware.go:28.46,31.4 2 0
spectron-backend/internal/httpapi/middleware.go:33.3,34.17 2 0
spectron-backend/internal/httpapi/middleware.go:34.17,37.4 2 0
spectron-backend/internal/httpapi/middleware.go:39.3,41.40 3 0
spectron-backend/internal/httpapi/middleware.go:45.45,47.2 1 0
spectron-backend/internal/httpapi/middleware.go:49.48,51.2 1 0
spectron-backend/internal/httpapi/middleware.go:53.99,55.36 2 0
spectron-backend/internal/httpapi/middleware.go:55.36,57.3 1 0
spectron-backend/internal/httpapi/middleware.go:59.2,59.46 1 0
spectron-backend/internal/httpapi/middleware.go:59.46,60.72 1 0
spectron-backend/internal/httpapi/middleware.go:60.72,62.11 2 0
spectron-backend/internal/httpapi/middleware.go:62.11,65.5 2 0
spectron-backend/internal/httpapi/middleware.go:66.4,67.11 2 0
spectron-backend/internal/httpapi/middleware.go:67.11,70.5 2 0
spectron-backend/internal/httpapi/middleware.go:72.4,78.53 3 0
spectron-backend/internal/httpapi/middleware.go:78.53,81.5 2 0
spectron-backend/internal/httpapi/middleware.go:83.4,83.24 1 0
spectron-backend/internal/httpapi/middleware.go:88.75,89.46 1 0
spectron-backend/internal/httpapi/middleware.go:89.46,90.72 1 0
spectron-backend/internal/httpapi/middleware.go:90.72,92.11 2 0
spectron-backend/internal/httpapi/middleware.go:92.11,95.5 2 0
spectron-backend/internal/httpapi/middleware.go:97.4,104.66 4 0
spectron-backend/internal/httpapi/middleware.go:104.66,107.5 2 0
spectron-backend/internal/httpapi/middleware.go:109.4,109.24 1 0
spectron-backend/internal/httpapi/routes.go:15.157,16.30 1 0
spectron-backend/internal/httpapi/routes.go:16.30,27.3 1 0
spectron-backend/internal/httpapi/routes.go:30.2,40.65 2 0
spectron-backend/internal/httpapi/routes.go:40.65,44.3 3 0
spectron-backend/internal/httpapi/routes.go:45.2,45.58 1 0
spectron-backend/internal/httpapi/routes.go:45.58,49.3 3 0
spectron-backend/internal/httpapi/routes.go:50.2,50.69 1 0
spectron-backend/internal/httpapi/routes.go:50.69,52.3 1 0
spectron-backend/internal/httpapi/routes.go:55.2,74.34 16 0
spectron-backend/internal/httpapi/routes.go:74.34,87.46 9 0
spectron-backend/internal/httpapi/routes.go:87.46,91.4 3 0
spectron-backend/internal/httpapi/routes.go:93.3,93.50 1 0
spectron-backend/internal/httpapi/routes.go:93.50,106.4 12 0
spectron-backend/internal/httpapi/routes.go:108.3,108.46 1 0
spectron-backend/internal/httpapi/routes.go:108.46,110.4 1 0
spectron-backend/internal/httpapi/routes.go:112.3,112.43 1 0
spectron-backend/internal/httpapi/routes.go:112.43,116.4 3 0
spectron-backend/internal/httpapi/routes.go:118.3,118.44 1 0
spectron-backend/internal/httpapi/routes.go:118.44,131.4 12 0
spectron-backend/internal/httpapi/routes.go:134.3,134.69 1 0
spectron-backend/internal/httpapi/routes.go:134.69,136.4 1 0
spectron-backend/internal/httpapi/routes.go:137.3,137.42 1 0
spectron-backend/internal/httpapi/routes.go:137.42,146.4 8 0
spectron-backend/internal/httpapi/routes.go:149.3,154.41 4 0
spectron-backend/internal/httpapi/routes.go:154.41,158.4 3 0
spectron-backend/internal/httpapi/routes.go:160.3,160.50 1 0
spectron-backend/internal/httpapi/routes.go:160.50,163.4 2 0
spectron-backend/internal/httpapi/sensor_config_validation.go:44.78,45.16 1 1
spectron-backend/internal/httpapi/sensor_config_validation.go:45.16,47.3 1 1
spectron-backend/internal/httpapi/sensor_config_validation.go:49.2,56.32 7 1
spectron-backend/internal/httpapi/sensor_config_validation.go:56.32,63.3 6 1
spectron-backend/internal/httpapi/sensor_config_validation.go:65.2,71.42 1 1
spectron-backend/internal/httpapi/sensor_config_validation.go:71.42,73.3 1 0
spectron-backend/internal/httpapi/sensor_config_validation.go:75.2,75.20 1 1
spectron-backend/internal/httpapi/sensor_config_validation.go:78.110,79.39 1 0
spectron-backend/internal/httpapi/sensor_config_validation.go:79.39,81.3 1 0
spectron-backend/internal/httpapi/sensor_config_validation.go:82.2,82.20 1 0
spectron-backend/internal/httpapi/sensor_config_validation.go:82.20,84.3 1 0
spectron-backend/internal/httpapi/sensor_config_validation.go:85.2,85.21 1 0
spectron-backend/internal/httpapi/sensor_config_validation.go:85.21,87.3 1 0
spectron-backend/internal/httpapi/sensor_config_validation.go:89.2,91.30 3 0
spectron-backend/internal/httpapi/sensor_config_validation.go:91.30,93.3 1 0
spectron-backend/internal/httpapi/sensor_config_validation.go:95.2,95.36 1 0
spectron-backend/internal/httpapi/sensor_config_validation.go:95.36,97.3 1 0
spectron-backend/internal/httpapi/sensor_config_validation.go:98.2,98.45 1 0
spectron-backend/internal/httpapi/sensor_config_validation.go:98.45,100.3 1 0
spectron-backend/internal/httpapi/sensor_config_validation.go:101.2,101.43 1 0
spectron-backend/internal/httpapi/sensor_config_validation.go:101.43,103.3 1 0
spectron-backend/internal/httpapi/sensor_config_validation.go:104.2,104.39 1 0
spectron-backend/internal/httpapi/sensor_config_validation.go:104.39,106.3 1 0
spectron-backend/internal/httpapi/sensor_config_validation.go:107.2,107.47 1 0
spectron-backend/internal/httpapi/sensor_config_validation.go:107.47,109.3 1 0
spectron-backend/internal/httpapi/sensor_config_validation.go:110.2,110.51 1 0
spectron-backend/internal/httpapi/sensor_config_validation.go:110.51,112.3 1 0
spectron-backend/internal/httpapi/sensor_config_validation.go:113.2,113.39 1 0
spectron-backend/internal/httpapi/sensor_config_validation.go:113.39,114.29 1 0
spectron-backend/internal/httpapi/sensor_config_validation.go:114.29,117.4 2 0
spectron-backend/internal/httpapi/sensor_config_validation.go:117.9,119.45 2 0
spectron-backend/internal/httpapi/sensor_config_validation.go:119.45,121.5 1 0
spectron-backend/internal/httpapi/sensor_config_validation.go:122.4,122.46 1 0
spectron-backend/internal/httpapi/sensor_config_validation.go:122.46,124.5 1 0
spectron-backend/internal/httpapi/sensor_config_validation.go:125.4,125.48 1 0
spectron-backend/internal/httpapi/sensor_config_validation.go:125.48,127.5 1 0
spectron-backend/internal/httpapi/sensor_config_validation.go:128.4,128.47 1 0
spectron-backend/internal/httpapi/sensor_config_validation.go:128.47,130.5 1 0
spectron-backend/internal/httpapi/sensor_config_validation.go:131.4,131.50 1 0
spectron-backend/internal/httpapi/sensor_config_validation.go:131.50,133.5 1 0
spectron-backend/internal/httpapi/sensor_config_validation.go:134.4,134.51 1 0
spectron-backend/internal/httpapi/sensor_config_validation.go:134.51,136.5 1 0
spectron-backend/internal/httpapi/sensor_config_validation.go:137.4,137.31 1 0
spectron-backend/internal/httpapi/sensor_config_validation.go:141.2,141.40 1 0
spectron-backend/internal/httpapi/sensor_config_validation.go:144.55,145.16 1 1
spectron-backend/internal/httpapi/sensor_config_validation.go:145.16,147.3 1 0
spectron-backend/internal/httpapi/sensor_config_validation.go:149.2,150.22 2 1
spectron-backend/internal/httpapi/sensor_config_validation.go:150.22,152.3 1 1
spectron-backend/internal/httpapi/sensor_config_validation.go:153.2,153.31 1 1
spectron-backend/internal/httpapi/sensor_config_validation.go:153.31,155.3 1 1
spectron-backend/internal/httpapi/sensor_config_validation.go:156.2,156.29 1 1
spectron-backend/internal/httpapi/sensor_config_validation.go:156.29,158.3 1 0
spectron-backend/internal/httpapi/sensor_config_validation.go:159.2,159.25 1 1
spectron-backend/internal/httpapi/sensor_config_validation.go:159.25,161.3 1 1
spectron-backend/internal/httpapi/sensor_config_validation.go:162.2,162.25 1 1
spectron-backend/internal/httpapi/sensor_config_validation.go:162.25,164.32 2 0
spectron-backend/internal/httpapi/sensor_config_validation.go:164.32,166.4 1 0
spectron-backend/internal/httpapi/sensor_config_validation.go:167.3,167.33 1 0
spectron-backend/internal/httpapi/sensor_config_validation.go:167.33,169.4 1 0
spectron-backend/internal/httpapi/sensor_config_validation.go:170.3,170.31 1 0
spectron-backend/internal/httpapi/sensor_config_validation.go:170.31,172.4 1 0
spectron-backend/internal/httpapi/sensor_config_validation.go:173.3,173.29 1 0
spectron-backend/internal/httpapi/sensor_config_validation.go:173.29,175.4 1 0
spectron-backend/internal/httpapi/sensor_config_validation.go:177.2,177.21 1 1
spectron-backend/internal/httpapi/sensor_config_validation.go:177.21,179.3 1 0
spectron-backend/internal/httpapi/sensor_config_validation.go:180.2,180.34 1 1
spectron-backend/internal/httpapi/sensor_config_validation.go:183.59,184.44 1 0
spectron-backend/internal/httpapi/sensor_config_validation.go:184.44,186.3 1 0
spectron-backend/internal/httpapi/sensor_config_validation.go:188.2,189.50 2 0
spectron-backend/internal/httpapi/sensor_config_validation.go:189.50,191.3 1 0
spectron-backend/internal/httpapi/sensor_config_validation.go:192.2,192.37 1 0
spectron-backend/internal/httpapi/sensor_config_validation.go:195.52,196.16 1 0
spectron-backend/internal/httpapi/sensor_config_validation.go:196.16,198.3 1 0
spectron-backend/internal/httpapi/sensor_config_validation.go:200.2,201.16 2 0
spectron-backend/internal/httpapi/sensor_config_validation.go:201.16,203.3 1 0
spectron-backend/internal/httpapi/sensor_config_validation.go:204.2,204.16 1 0
spectron-backend/internal/httpapi/sensor_config_validation.go:207.57,215.2 1 1
spectron-backend/internal/httpapi/sensor_config_validation.go:217.52,219.2 1 1
spectron-backend/internal/httpapi/sensor_config_validation.go:221.52,226.2 4 1
spectron-backend/internal/httpapi/sensor_config_validation.go:228.63,229.35 1 1
spectron-backend/internal/httpapi/sensor_config_validation.go:229.35,230.38 1 1
spectron-backend/internal/httpapi/sensor_config_validation.go:230.38,232.4 1 1
spectron-backend/internal/httpapi/sensor_config_validation.go:234.2,234.14 1 0
spectron-backend/internal/httpapi/sensor_config_validation.go:244.38,250.39 5 1
spectron-backend/internal/httpapi/sensor_config_validation.go:250.39,252.3 1 1
spectron-backend/internal/httpapi/sensor_config_validation.go:254.2,257.17 1 1
spectron-backend/internal/httpapi/sensor_config_validation.go:257.17,258.18 1 1
spectron-backend/internal/httpapi/sensor_config_validation.go:258.18,260.5 1 1
spectron-backend/internal/httpapi/sensor_config_validation.go:261.4,267.11 1 1
spectron-backend/internal/httpapi/sensor_config_validation.go:271.2,275.20 4 1
spectron-backend/internal/httpapi/sensor_config_validation.go:276.65,277.29 1 1
spectron-backend/internal/httpapi/sensor_config_validation.go:277.29,280.4 2 1
spectron-backend/internal/httpapi/sensor_config_validation.go:281.3,281.29 1 1
spectron-backend/internal/httpapi/sensor_config_validation.go:281.29,284.4 2 1
spectron-backend/internal/httpapi/sensor_config_validation.go:285.3,285.73 1 1
spectron-backend/internal/httpapi/sensor_config_validation.go:286.53,287.29 1 1
spectron-backend/internal/httpapi/sensor_config_validation.go:287.29,290.4 2 1
spectron-backend/internal/httpapi/sensor_config_validation.go:291.3,291.29 1 1
spectron-backend/internal/httpapi/sensor_config_validation.go:291.29,294.4 2 1
spectron-backend/internal/httpapi/sensor_config_validation.go:295.3,295.80 1 1
spectron-backend/internal/httpapi/sensor_config_validation.go:296.43,297.29 1 1
spectron-backend/internal/httpapi/sensor_config_validation.go:297.29,298.132 1 1
spectron-backend/internal/httpapi/sensor_config_validation.go:298.132,301.5 2 1
spectron-backend/internal/httpapi/sensor_config_validation.go:301.10,301.122 1 0
spectron-backend/internal/httpapi/sensor_config_validation.go:301.122,304.5 2 0
spectron-backend/internal/httpapi/sensor_config_validation.go:304.10,304.110 1 0
spectron-backend/internal/httpapi/sensor_config_validation.go:304.110,307.5 2 0
spectron-backend/internal/httpapi/sensor_config_validation.go:307.10,310.5 2 0
spectron-backend/internal/httpapi/sensor_config_validation.go:312.18,313.29 1 1
spectron-backend/internal/httpapi/sensor_config_validation.go:313.29,316.4 2 1
spectron-backend/internal/httpapi/sensor_config_validation.go:317.27,318.29 1 1
spectron-backend/internal/httpapi/sensor_config_validation.go:318.29,321.4 2 0
spectron-backend/internal/httpapi/sensor_config_validation.go:322.35,323.29 1 1
spectron-backend/internal/httpapi/sensor_config_validation.go:323.29,326.4 2 1
spectron-backend/internal/httpapi/sensor_config_validation.go:327.10,328.29 1 0
spectron-backend/internal/httpapi/sensor_config_validation.go:328.29,331.4 2 0
spectron-backend/internal/httpapi/sensor_config_validation.go:334.2,334.28 1 1
spectron-backend/internal/httpapi/sensor_config_validation.go:334.28,335.27 1 1
spectron-backend/internal/httpapi/sensor_config_validation.go:336.23,337.41 1 0
spectron-backend/internal/httpapi/sensor_config_validation.go:338.25,339.35 1 0
spectron-backend/internal/httpapi/sensor_config_validation.go:340.44,341.37 1 1
spectron-backend/internal/httpapi/sensor_config_validation.go:342.35,343.35 1 1
spectron-backend/internal/httpapi/sensor_config_validation.go:344.11,345.41 1 1
spectron-backend/internal/httpapi/sensor_config_validation.go:347.3,347.71 1 1
spectron-backend/internal/httpapi/sensor_config_validation.go:350.2,350.20 1 1
spectron-backend/internal/httpapi/sensor_config_validation.go:351.65,352.87 1 0
spectron-backend/internal/httpapi/sensor_config_validation.go:352.87,355.4 2 0
spectron-backend/internal/httpapi/sensor_config_validation.go:356.3,356.73 1 0
spectron-backend/internal/httpapi/sensor_config_validation.go:357.26,358.119 1 0
spectron-backend/internal/httpapi/sensor_config_validation.go:358.119,361.4 2 0
spectron-backend/internal/httpapi/sensor_config_validation.go:362.3,362.73 1 0
spectron-backend/internal/httpapi/sensor_config_validation.go:363.43,364.27 1 1
spectron-backend/internal/httpapi/sensor_config_validation.go:365.44,366.40 1 1
spectron-backend/internal/httpapi/sensor_config_validation.go:366.40,369.5 2 0
spectron-backend/internal/httpapi/sensor_config_validation.go:370.25,371.42 1 1
spectron-backend/internal/httpapi/sensor_config_validation.go:371.42,374.5 2 1
spectron-backend/internal/httpapi/sensor_config_validation.go:375.11,376.84 1 0
spectron-backend/internal/httpapi/sensor_config_validation.go:376.84,379.5 2 0
spectron-backend/internal/httpapi/sensor_config_validation.go:381.3,381.80 1 1
spectron-backend/internal/httpapi/sensor_config_validation.go:382.18,383.119 1 1
spectron-backend/internal/httpapi/sensor_config_validation.go:383.119,386.4 2 1
spectron-backend/internal/httpapi/sensor_config_validation.go:387.3,387.80 1 1
spectron-backend/internal/httpapi/sensor_config_validation.go:388.27,389.83 1 1
spectron-backend/internal/httpapi/sensor_config_validation.go:389.83,392.4 2 0
spectron-backend/internal/httpapi/sensor_config_validation.go:393.3,393.80 1 1
spectron-backend/internal/httpapi/sensor_config_validation.go:394.35,395.81 1 1
spectron-backend/internal/httpapi/sensor_config_validation.go:395.81,398.4 2 0
spectron-backend/internal/httpapi/sensor_config_validation.go:399.3,399.80 1 1
spectron-backend/internal/httpapi/sensor_config_validation.go:400.10,401.45 1 0
spectron-backend/internal/httpapi/sensor_config_validation.go:401.45,404.4 2 0
spectron-backend/internal/httpapi/sensor_config_validation.go:405.3,405.80 1 0
spectron-backend/internal/httpapi/sensor_config_validation.go:409.115,426.82 5 1
spectron-backend/internal/httpapi/sensor_config_validation.go:426.82,441.48 4 1
spectron-backend/internal/httpapi/sensor_config_validation.go:441.48,455.4 3 1
spectron-backend/internal/httpapi/sensor_config_validation.go:456.8,456.61 1 1
spectron-backend/internal/httpapi/sensor_config_validation.go:456.61,470.3 3 1
spectron-backend/internal/httpapi/sensor_config_validation.go:470.8,470.101 1 1
spectron-backend/internal/httpapi/sensor_config_validation.go:470.101,484.3 3 0
spectron-backend/internal/httpapi/sensor_config_validation.go:486.2,486.20 1 1
spectron-backend/internal/httpapi/sensor_config_validation.go:487.21,496.18 1 1
spectron-backend/internal/httpapi/sensor_config_validation.go:497.18,506.18 1 0
spectron-backend/internal/httpapi/sensor_config_validation.go:507.65,523.18 1 1
spectron-backend/internal/httpapi/sensor_config_validation.go:524.26,545.18 1 0
spectron-backend/internal/httpapi/sensor_config_validation.go:546.18,560.18 1 1
spectron-backend/internal/httpapi/sensor_config_validation.go:561.29,573.18 1 1
spectron-backend/internal/httpapi/sensor_config_validation.go:574.20,586.18 1 1
spectron-backend/internal/httpapi/sensor_config_validation.go:587.27,609.18 1 1
spectron-backend/internal/httpapi/sensor_config_validation.go:610.20,622.18 1 1
spectron-backend/internal/httpapi/sensor_config_validation.go:623.21,635.18 1 0
spectron-backend/internal/httpapi/sensor_config_validation.go:636.10,645.18 1 0
spectron-backend/internal/httpapi/sensor_config_validation.go:649.132,651.46 2 1
spectron-backend/internal/httpapi/sensor_config_validation.go:652.43,653.44 1 1
spectron-backend/internal/httpapi/sensor_config_validation.go:654.23,666.19 1 1
spectron-backend/internal/httpapi/sensor_config_validation.go:667.25,679.65 1 1
spectron-backend/internal/httpapi/sensor_config_validation.go:680.25,692.64 1 1
spectron-backend/internal/httpapi/sensor_config_validation.go:693.26,705.65 1 1
spectron-backend/internal/httpapi/sensor_config_validation.go:709.2,709.43 1 1
spectron-backend/internal/httpapi/sensor_config_validation.go:712.84,713.46 1 1
spectron-backend/internal/httpapi/sensor_config_validation.go:714.21,717.4 1 1
spectron-backend/internal/httpapi/sensor_config_validation.go:718.18,721.4 1 0
spectron-backend/internal/httpapi/sensor_config_validation.go:722.65,726.4 1 1
spectron-backend/internal/httpapi/sensor_config_validation.go:727.26,731.4 1 0
spectron-backend/internal/httpapi/sensor_config_validation.go:732.18,735.4 1 1
spectron-backend/internal/httpapi/sensor_config_validation.go:736.43,739.4 1 1
spectron-backend/internal/httpapi/sensor_config_validation.go:740.27,743.4 1 1
spectron-backend/internal/httpapi/sensor_config_validation.go:744.27,747.4 1 1
spectron-backend/internal/httpapi/sensor_config_validation.go:748.21,751.4 1 0
spectron-backend/internal/httpapi/sensor_config_validation.go:752.10,753.13 1 0
spectron-backend/internal/httpapi/sensor_config_validation.go:757.95,761.99 3 1
spectron-backend/internal/httpapi/sensor_config_validation.go:761.99,762.28 1 1
spectron-backend/internal/httpapi/sensor_config_validation.go:763.23,773.5 1 0
spectron-backend/internal/httpapi/sensor_config_validation.go:774.25,791.5 1 1
spectron-backend/internal/httpapi/sensor_config_validation.go:792.26,809.5 1 0
spectron-backend/internal/httpapi/sensor_config_validation.go:810.11,827.5 1 1
spectron-backend/internal/httpapi/sensor_config_validation.go:831.2,831.27 1 1
spectron-backend/internal/httpapi/sensor_config_validation.go:832.22,841.4 1 1
spectron-backend/internal/httpapi/sensor_config_validation.go:842.19,859.4 1 1
spectron-backend/internal/httpapi/sensor_config_validation.go:860.21,862.38 2 1
spectron-backend/internal/httpapi/sensor_config_validation.go:862.38,864.4 1 0
spectron-backend/internal/httpapi/sensor_config_validation.go:865.3,880.4 1 1
spectron-backend/internal/httpapi/sensor_config_validation.go:881.10,890.4 1 1
spectron-backend/internal/httpapi/sensor_config_validation.go:894.52,895.38 1 1
spectron-backend/internal/httpapi/sensor_config_validation.go:896.21,897.13 1 1
spectron-backend/internal/httpapi/sensor_config_validation.go:898.18,899.15 1 1
spectron-backend/internal/httpapi/sensor_config_validation.go:900.18,901.15 1 1
spectron-backend/internal/httpapi/sensor_config_validation.go:902.18,903.14 1 0
spectron-backend/internal/httpapi/sensor_config_validation.go:904.82,905.13 1 1
spectron-backend/internal/httpapi/sensor_config_validation.go:906.16,907.14 1 0
spectron-backend/internal/httpapi/sensor_config_validation.go:908.19,909.15 1 1
spectron-backend/internal/httpapi/sensor_config_validation.go:910.13,911.15 1 0
spectron-backend/internal/httpapi/sensor_config_validation.go:912.45,913.18 1 1
spectron-backend/internal/httpapi/sensor_config_validation.go:914.10,915.12 1 0
spectron-backend/internal/httpapi/sensor_config_validation.go:919.90,920.43 1 1
spectron-backend/internal/httpapi/sensor_config_validation.go:921.26,922.58 1 1
spectron-backend/internal/httpapi/sensor_config_validation.go:923.20,924.54 1 1
spectron-backend/internal/httpapi/sensor_config_validation.go:925.22,926.55 1 1
spectron-backend/internal/httpapi/sensor_config_validation.go:927.20,928.54 1 1
spectron-backend/internal/httpapi/sensor_config_validation.go:929.23,930.52 1 0
spectron-backend/internal/httpapi/sensor_config_validation.go:931.10,932.58 1 1
spectron-backend/internal/httpapi/sensor_config_validation.go:932.58,934.4 1 1
spectron-backend/internal/httpapi/sensor_config_validation.go:935.3,935.45 1 1
spectron-backend/internal/httpapi/sensor_config_validation.go:939.106,942.43 2 1
spectron-backend/internal/httpapi/sensor_config_validation.go:943.26,944.74 1 1
spectron-backend/internal/httpapi/sensor_config_validation.go:945.20,946.75 1 1
spectron-backend/internal/httpapi/sensor_config_validation.go:947.22,948.35 1 1
spectron-backend/internal/httpapi/sensor_config_validation.go:948.35,950.4 1 0
spectron-backend/internal/httpapi/sensor_config_validation.go:951.3,951.75 1 1
spectron-backend/internal/httpapi/sensor_config_validation.go:952.20,953.17 1 1
spectron-backend/internal/httpapi/sensor_config_validation.go:954.17,955.64 1 0
spectron-backend/internal/httpapi/sensor_config_validation.go:956.24,957.72 1 1
spectron-backend/internal/httpapi/sensor_config_validation.go:958.27,959.69 1 1
spectron-backend/internal/httpapi/sensor_config_validation.go:960.21,961.76 1 1
spectron-backend/internal/httpapi/sensor_config_validation.go:962.11,963.68 1 0
spectron-backend/internal/httpapi/sensor_config_validation.go:965.23,966.19 1 0
spectron-backend/internal/httpapi/sensor_config_validation.go:966.19,968.4 1 0
spectron-backend/internal/httpapi/sensor_config_validation.go:969.3,969.70 1 0
spectron-backend/internal/httpapi/sensor_config_validation.go:970.10,971.17 1 1
spectron-backend/internal/httpapi/sensor_config_validation.go:972.22,973.77 1 1
spectron-backend/internal/httpapi/sensor_config_validation.go:974.19,975.71 1 0
spectron-backend/internal/httpapi/sensor_config_validation.go:976.19,977.72 1 0
spectron-backend/internal/httpapi/sensor_config_validation.go:978.17,979.65 1 0
spectron-backend/internal/httpapi/sensor_config_validation.go:980.24,981.72 1 0
spectron-backend/internal/httpapi/sensor_config_validation.go:982.27,983.69 1 0
spectron-backend/internal/httpapi/sensor_config_validation.go:984.11,985.20 1 1
spectron-backend/internal/httpapi/sensor_config_validation.go:985.20,987.5 1 0
spectron-backend/internal/httpapi/sensor_config_validation.go:988.4,988.68 1 1
spectron-backend/internal/httpapi/sensor_config_validation.go:997.36,999.22 2 1
spectron-backend/internal/httpapi/sensor_config_validation.go:999.22,1001.3 1 1
spectron-backend/internal/httpapi/sensor_config_validation.go:1002.2,1002.55 1 1
spectron-backend/internal/httpapi/sensor_config_validation.go:1002.55,1004.3 1 0
spectron-backend/internal/httpapi/sensor_config_validation.go:1005.2,1005.51 1 1
spectron-backend/internal/httpapi/sensor_config_validation.go:1005.51,1007.3 1 0
spectron-backend/internal/httpapi/sensor_config_validation.go:1008.2,1008.55 1 1
spectron-backend/internal/httpapi/sensor_config_validation.go:1008.55,1010.3 1 0
spectron-backend/internal/httpapi/sensor_config_validation.go:1011.2,1011.51 1 1
spectron-backend/internal/httpapi/sensor_config_validation.go:1011.51,1013.3 1 0
spectron-backend/internal/httpapi/sensor_config_validation.go:1014.2,1014.63 1 1
spectron-backend/internal/httpapi/sensor_config_validation.go:1017.50,1018.46 1 1
spectron-backend/internal/httpapi/sensor_config_validation.go:1019.65,1020.14 1 1
spectron-backend/internal/httpapi/sensor_config_validation.go:1021.10,1022.15 1 0
spectron-backend/internal/httpapi/sensor_config_validation.go:1026.102,1027.96 1 1
spectron-backend/internal/httpapi/sensor_config_validation.go:1027.96,1029.3 1 1
spectron-backend/internal/httpapi/sensor_config_validation.go:1030.2,1030.44 1 1
spectron-backend/internal/httpapi/sensor_config_validation.go:1030.44,1032.3 1 0
spectron-backend/internal/httpapi/sensor_config_validation.go:1033.2,1033.51 1 1
spectron-backend/internal/httpapi/sensor_config_validation.go:1036.92,1039.38 2 1
spectron-backend/internal/httpapi/sensor_config_validation.go:1040.21,1058.4 1 1
spectron-backend/internal/httpapi/sensor_config_validation.go:1059.18,1077.4 1 1
spectron-backend/internal/httpapi/sensor_config_validation.go:1078.20,1080.56 2 1
spectron-backend/internal/httpapi/sensor_config_validation.go:1080.56,1082.4 1 1
spectron-backend/internal/httpapi/sensor_config_validation.go:1083.3,1092.4 1 1
spectron-backend/internal/httpapi/sensor_config_validation.go:1093.25,1103.4 1 1
spectron-backend/internal/httpapi/sensor_config_validation.go:1104.26,1114.4 1 0
spectron-backend/internal/httpapi/sensor_config_validation.go:1115.16,1118.62 3 0
spectron-backend/internal/httpapi/sensor_config_validation.go:1118.62,1121.4 2 0
spectron-backend/internal/httpapi/sensor_config_validation.go:1122.3,1131.4 1 0
spectron-backend/internal/httpapi/sensor_config_validation.go:1132.23,1142.4 1 1
spectron-backend/internal/httpapi/sensor_config_validation.go:1143.26,1146.44 3 1
spectron-backend/internal/httpapi/sensor_config_validation.go:1147.24,1149.90 2 0
spectron-backend/internal/httpapi/sensor_config_validation.go:1150.27,1152.89 2 0
spectron-backend/internal/httpapi/sensor_config_validation.go:1154.3,1163.4 1 1
spectron-backend/internal/httpapi/sensor_config_validation.go:1164.18,1165.14 1 0
spectron-backend/internal/httpapi/sensor_config_validation.go:1166.10,1169.59 3 1
spectron-backend/internal/httpapi/sensor_config_validation.go:1169.59,1172.4 2 0
spectron-backend/internal/httpapi/sensor_config_validation.go:1173.3,1182.4 1 1
spectron-backend/internal/httpapi/sensor_config_validation.go:1191.3,1192.31 1 1
spectron-backend/internal/httpapi/sensor_config_validation.go:1192.31,1194.22 2 1
spectron-backend/internal/httpapi/sensor_config_validation.go:1194.22,1196.4 1 0
spectron-backend/internal/httpapi/sensor_config_validation.go:1197.3,1197.22 1 1
spectron-backend/internal/httpapi/sensor_config_validation.go:1197.22,1198.12 1 0
spectron-backend/internal/httpapi/sensor_config_validation.go:1200.3,1200.37 1 1
spectron-backend/internal/httpapi/sensor_config_validation.go:1200.37,1201.12 1 0
spectron-backend/internal/httpapi/sensor_config_validation.go:1204.3,1205.62 2 1
spectron-backend/internal/httpapi/sensor_config_validation.go:1206.16,1207.37 1 0
spectron-backend/internal/httpapi/sensor_config_validation.go:1207.37,1209.5 1 0
spectron-backend/internal/httpapi/sensor_config_validation.go:1210.4,1210.38 1 0
spectron-backend/internal/httpapi/sensor_config_validation.go:1210.38,1212.5 1 0
spectron-backend/internal/httpapi/sensor_config_validation.go:1213.16,1214.37 1 1
spectron-backend/internal/httpapi/sensor_config_validation.go:1214.37,1216.5 1 1
spectron-backend/internal/httpapi/sensor_config_validation.go:1217.4,1217.38 1 1
spectron-backend/internal/httpapi/sensor_config_validation.go:1217.38,1219.5 1 1
spectron-backend/internal/httpapi/sensor_config_validation.go:1221.3,1221.40 1 1
spectron-backend/internal/httpapi/sensor_config_validation.go:1231.31,1235.36 3 1
spectron-backend/internal/httpapi/sensor_config_validation.go:1235.36,1237.72 2 1
spectron-backend/internal/httpapi/sensor_config_validation.go:1237.72,1240.126 2 1
spectron-backend/internal/httpapi/sensor_config_validation.go:1240.126,1241.48 1 1
spectron-backend/internal/httpapi/sensor_config_validation.go:1241.48,1243.6 1 1
spectron-backend/internal/httpapi/sensor_config_validation.go:1244.5,1244.54 1 1
spectron-backend/internal/httpapi/sensor_config_validation.go:1244.54,1246.6 1 1
spectron-backend/internal/httpapi/sensor_config_validation.go:1249.4,1249.66 1 1
spectron-backend/internal/httpapi/sensor_config_validation.go:1250.17,1252.78 2 1
spectron-backend/internal/httpapi/sensor_config_validation.go:1253.17,1255.78 2 1
spectron-backend/internal/httpapi/sensor_config_validation.go:1258.4,1258.36 1 1
spectron-backend/internal/httpapi/sensor_config_validation.go:1262.2,1262.15 1 1
spectron-backend/internal/httpapi/sensor_config_validation.go:1270.30,1271.24 1 1
spectron-backend/internal/httpapi/sensor_config_validation.go:1271.24,1272.65 1 1
spectron-backend/internal/httpapi/sensor_config_validation.go:1272.65,1274.4 1 1
spectron-backend/internal/httpapi/sensor_config_validation.go:1276.2,1276.24 1 1
spectron-backend/internal/httpapi/sensor_config_validation.go:1276.24,1278.92 1 0
spectron-backend/internal/httpapi/sensor_config_validation.go:1278.92,1280.4 1 0
spectron-backend/internal/httpapi/sensor_config_validation.go:1282.2,1282.12 1 1
spectron-backend/internal/httpapi/sensor_config_validation.go:1285.132,1286.33 1 0
spectron-backend/internal/httpapi/sensor_config_validation.go:1286.33,1289.95 3 0
spectron-backend/internal/httpapi/sensor_config_validation.go:1289.95,1290.12 1 0
spectron-backend/internal/httpapi/sensor_config_validation.go:1293.3,1303.35 4 0
spectron-backend/internal/httpapi/sensor_config_validation.go:1303.35,1305.4 1 0
spectron-backend/internal/httpapi/sensor_config_validation.go:1305.9,1307.4 1 0
spectron-backend/internal/httpapi/sensor_config_validation.go:1309.3,1310.25 2 0
spectron-backend/internal/httpapi/sensor_config_validation.go:1310.25,1313.68 1 0
spectron-backend/internal/httpapi/sensor_config_validation.go:1313.68,1316.10 3 0
spectron-backend/internal/httpapi/sensor_config_validation.go:1319.3,1319.16 1 0
spectron-backend/internal/httpapi/sensor_config_validation.go:1319.16,1321.4 1 0
spectron-backend/internal/httpapi/sensor_config_validation.go:1323.2,1323.15 1 0
spectron-backend/internal/httpapi/sensor_config_validation.go:1326.54,1327.54 1 0
spectron-backend/internal/httpapi/sensor_config_validation.go:1328.22,1329.17 1 0
spectron-backend/internal/httpapi/sensor_config_validation.go:1330.19,1331.17 1 0
spectron-backend/internal/httpapi/sensor_config_validation.go:1332.10,1333.12 1 0
spectron-backend/internal/httpapi/sensor_config_validation.go:1337.49,1338.18 1 1
spectron-backend/internal/httpapi/sensor_config_validation.go:1338.18,1340.3 1 0
spectron-backend/internal/httpapi/sensor_config_validation.go:1341.2,1342.16 2 1
spectron-backend/internal/httpapi/sensor_config_validation.go:1345.67,1346.88 1 1
spectron-backend/internal/httpapi/sensor_config_validation.go:1346.88,1348.3 1 1
spectron-backend/internal/httpapi/sensor_config_validation.go:1349.2,1349.94 1 1
spectron-backend/internal/httpapi/sensor_config_validation.go:1349.94,1351.3 1 0
spectron-backend/internal/httpapi/sensor_config_validation.go:1352.2,1352.61 1 1
spectron-backend/internal/httpapi/sensor_config_validation.go:1352.61,1353.74 1 1
spectron-backend/internal/httpapi/sensor_config_validation.go:1353.74,1355.4 1 0
spectron-backend/internal/httpapi/sensor_config_validation.go:1357.2,1357.72 1 1
spectron-backend/internal/httpapi/sensor_config_validation.go:1357.72,1359.3 1 0
spectron-backend/internal/httpapi/sensor_config_validation.go:1360.2,1360.11 1 1
spectron-backend/internal/httpapi/sensor_config_validation.go:1363.56,1365.2 1 1
spectron-backend/internal/httpapi/sensor_config_validation.go:1367.72,1369.20 2 1
spectron-backend/internal/httpapi/sensor_config_validation.go:1369.20,1372.3 2 1
spectron-backend/internal/httpapi/sensor_config_validation.go:1373.2,1373.20 1 1
spectron-backend/internal/httpapi/sensor_config_validation.go:1373.20,1376.3 2 1
spectron-backend/internal/httpapi/sensor_config_validation.go:1377.2,1377.27 1 1
spectron-backend/internal/httpapi/sensor_config_validation.go:1377.27,1380.3 2 1
spectron-backend/internal/httpapi/sensor_config_validation.go:1381.2,1381.27 1 1
spectron-backend/internal/httpapi/sensor_config_validation.go:1381.27,1384.3 2 1
spectron-backend/internal/httpapi/sensor_config_validation.go:1385.2,1385.15 1 1
spectron-backend/internal/httpapi/sensor_config_validation.go:1388.160,1391.47 2 1
spectron-backend/internal/httpapi/sensor_config_validation.go:1391.47,1392.20 1 1
spectron-backend/internal/httpapi/sensor_config_validation.go:1392.20,1394.4 1 1
spectron-backend/internal/httpapi/sensor_config_validation.go:1395.3,1397.26 3 1
spectron-backend/internal/httpapi/sensor_config_validation.go:1397.26,1401.4 3 1
spectron-backend/internal/httpapi/sensor_config_validation.go:1404.2,1409.81 5 1
spectron-backend/internal/httpapi/sensor_config_validation.go:1409.81,1416.3 6 1
spectron-backend/internal/httpapi/sensor_config_validation.go:1418.2,1418.95 1 1
spectron-backend/internal/httpapi/sensor_config_validation.go:1418.95,1422.3 3 1
spectron-backend/internal/httpapi/sensor_config_validation.go:1424.2,1424.95 1 1
spectron-backend/internal/httpapi/sensor_config_validation.go:1424.95,1428.3 3 1
spectron-backend/internal/httpapi/sensor_config_validation.go:1430.2,1430.109 1 1
spectron-backend/internal/httpapi/sensor_config_validation.go:1430.109,1434.3 3 1
spectron-backend/internal/httpapi/sensor_config_validation.go:1436.2,1436.17 1 1
spectron-backend/internal/httpapi/sensor_config_validation.go:1439.211,1444.33 5 1
spectron-backend/internal/httpapi/sensor_config_validation.go:1444.33,1446.3 1 1
spectron-backend/internal/httpapi/sensor_config_validation.go:1448.2,1456.39 2 1
spectron-backend/internal/httpapi/sensor_config_validation.go:1456.39,1458.3 1 1
spectron-backend/internal/httpapi/sensor_config_validation.go:1460.2,1461.42 2 1
spectron-backend/internal/httpapi/sensor_config_validation.go:1461.42,1463.3 1 1
spectron-backend/internal/httpapi/sensor_config_validation.go:1465.2,1465.87 1 1
spectron-backend/internal/httpapi/sensor_config_validation.go:1465.87,1466.42 1 1
spectron-backend/internal/httpapi/sensor_config_validation.go:1466.42,1468.4 1 1
spectron-backend/internal/httpapi/sensor_config_validation.go:1470.2,1470.30 1 1
spectron-backend/internal/httpapi/sensor_config_validation.go:1470.30,1472.3 1 0
spectron-backend/internal/httpapi/sensor_config_validation.go:1473.2,1473.45 1 1
spectron-backend/internal/httpapi/sensor_config_validation.go:1473.45,1476.3 2 1
spectron-backend/internal/httpapi/sensor_config_validation.go:1478.2,1479.31 2 1
spectron-backend/internal/httpapi/sensor_config_validation.go:1479.31,1481.3 1 1
spectron-backend/internal/httpapi/sensor_config_validation.go:1483.2,1483.38 1 1
spectron-backend/internal/httpapi/sensor_config_validation.go:1483.38,1484.51 1 1
spectron-backend/internal/httpapi/sensor_config_validation.go:1484.51,1485.50 1 1
spectron-backend/internal/httpapi/sensor_config_validation.go:1485.50,1487.5 1 1
spectron-backend/internal/httpapi/sensor_config_validation.go:1491.2,1491.42 1 1
spectron-backend/internal/httpapi/sensor_config_validation.go:1491.42,1492.64 1 0
spectron-backend/internal/httpapi/sensor_config_validation.go:1492.64,1494.4 1 0
spectron-backend/internal/httpapi/sensor_config_validation.go:1496.2,1496.63 1 1
spectron-backend/internal/httpapi/sensor_config_validation.go:1496.63,1498.3 1 1
spectron-backend/internal/httpapi/sensor_config_validation.go:1500.2,1501.31 2 1
spectron-backend/internal/httpapi/sensor_config_validation.go:1501.31,1503.3 1 1
spectron-backend/internal/httpapi/sensor_config_validation.go:1505.2,1507.50 2 1
spectron-backend/internal/httpapi/sensor_config_validation.go:1507.50,1511.3 3 1
spectron-backend/internal/httpapi/sensor_config_validation.go:1513.2,1513.87 1 1
spectron-backend/internal/httpapi/sensor_config_validation.go:1513.87,1514.44 1 1
spectron-backend/internal/httpapi/sensor_config_validation.go:1514.44,1516.4 1 1
spectron-backend/internal/httpapi/sensor_config_validation.go:1519.2,1520.23 2 1
spectron-backend/internal/httpapi/sensor_config_validation.go:1520.23,1524.3 3 1
spectron-backend/internal/httpapi/sensor_config_validation.go:1526.2,1527.29 2 1
spectron-backend/internal/httpapi/sensor_config_validation.go:1527.29,1529.3 1 1
spectron-backend/internal/httpapi/sensor_config_validation.go:1531.2,1532.26 2 1
spectron-backend/internal/httpapi/sensor_config_validation.go:1532.26,1534.3 1 0
spectron-backend/internal/httpapi/sensor_config_validation.go:1536.2,1536.38 1 1
spectron-backend/internal/httpapi/sensor_config_validation.go:1536.38,1540.3 3 1
spectron-backend/internal/httpapi/sensor_config_validation.go:1542.2,1543.21 2 1
spectron-backend/internal/httpapi/sensor_config_validation.go:1543.21,1545.3 1 0
spectron-backend/internal/httpapi/sensor_config_validation.go:1547.2,1548.63 2 1
spectron-backend/internal/httpapi/sensor_config_validation.go:1548.63,1551.3 2 1
spectron-backend/internal/httpapi/sensor_config_validation.go:1552.2,1552.119 1 1
spectron-backend/internal/httpapi/sensor_config_validation.go:1552.119,1555.3 2 0
spectron-backend/internal/httpapi/sensor_config_validation.go:1557.2,1558.107 2 1
spectron-backend/internal/httpapi/sensor_config_validation.go:1558.107,1562.3 3 1
spectron-backend/internal/httpapi/sensor_config_validation.go:1563.2,1563.72 1 1
spectron-backend/internal/httpapi/sensor_config_validation.go:1563.72,1567.3 3 1
spectron-backend/internal/httpapi/sensor_config_validation.go:1569.2,1570.23 2 1
spectron-backend/internal/httpapi/sensor_config_validation.go:1570.23,1572.3 1 1
spectron-backend/internal/httpapi/sensor_config_validation.go:1574.2,1575.30 2 1
spectron-backend/internal/httpapi/sensor_config_validation.go:1575.30,1577.3 1 1
spectron-backend/internal/httpapi/sensor_config_validation.go:1578.2,1579.28 2 1
spectron-backend/internal/httpapi/sensor_config_validation.go:1579.28,1581.3 1 0
spectron-backend/internal/httpapi/sensor_config_validation.go:1583.2,1592.34 6 1
spectron-backend/internal/httpapi/sensor_config_validation.go:1592.34,1594.69 2 1
spectron-backend/internal/httpapi/sensor_config_validation.go:1594.69,1596.59 2 1
spectron-backend/internal/httpapi/sensor_config_validation.go:1596.59,1597.13 1 1
spectron-backend/internal/httpapi/sensor_config_validation.go:1599.4,1600.60 2 1
spectron-backend/internal/httpapi/sensor_config_validation.go:1603.2,1608.38 1 1
spectron-backend/internal/httpapi/sensor_config_validation.go:1608.38,1609.30 1 1
spectron-backend/internal/httpapi/sensor_config_validation.go:1609.30,1611.5 1 1
spectron-backend/internal/httpapi/sensor_config_validation.go:1612.4,1612.33 1 1
spectron-backend/internal/httpapi/sensor_config_validation.go:1615.2,1616.34 2 1
spectron-backend/internal/httpapi/sensor_config_validation.go:1616.34,1619.3 2 0
spectron-backend/internal/httpapi/sensor_config_validation.go:1620.2,1621.63 2 1
spectron-backend/internal/httpapi/sensor_config_validation.go:1621.63,1623.3 1 1
spectron-backend/internal/httpapi/sensor_config_validation.go:1624.2,1657.4 3 1
spectron-backend/internal/httpapi/sensor_config_validation.go:1657.4,1658.25 1 1
spectron-backend/internal/httpapi/sensor_config_validation.go:1658.25,1660.4 1 1
spectron-backend/internal/httpapi/sensor_config_validation.go:1663.2,1664.43 1 1
spectron-backend/internal/httpapi/sensor_config_validation.go:1664.43,1725.30 2 1
spectron-backend/internal/httpapi/sensor_config_validation.go:1725.30,1727.5 1 1
spectron-backend/internal/httpapi/sensor_config_validation.go:1728.4,1729.22 2 1
spectron-backend/internal/httpapi/sensor_handler.go:31.56,33.2 1 0
spectron-backend/internal/httpapi/sensor_handler.go:44.22,57.2 3 0
spectron-backend/internal/httpapi/sensor_handler.go:59.84,61.16 2 0
spectron-backend/internal/httpapi/sensor_handler.go:61.16,64.3 2 0
spectron-backend/internal/httpapi/sensor_handler.go:66.2,68.16 3 0
spectron-backend/internal/httpapi/sensor_handler.go:68.16,71.3 2 0
spectron-backend/internal/httpapi/sensor_handler.go:73.2,79.40 3 0
spectron-backend/internal/httpapi/sensor_handler.go:79.40,82.3 2 0
spectron-backend/internal/httpapi/sensor_handler.go:84.2,85.41 2 0
spectron-backend/internal/httpapi/sensor_handler.go:88.81,90.16 2 0
spectron-backend/internal/httpapi/sensor_handler.go:90.16,93.3 2 0
spectron-backend/internal/httpapi/sensor_handler.go:95.2,97.16 3 0
spectron-backend/internal/httpapi/sensor_handler.go:97.16,100.3 2 0
spectron-backend/internal/httpapi/sensor_handler.go:102.2,120.16 3 0
spectron-backend/internal/httpapi/sensor_handler.go:120.16,123.3 2 0
spectron-backend/internal/httpapi/sensor_handler.go:125.2,129.4 2 0
spectron-backend/internal/httpapi/sensor_handler.go:141.88,143.16 2 0
spectron-backend/internal/httpapi/sensor_handler.go:143.16,146.3 2 0
spectron-backend/internal/httpapi/sensor_handler.go:148.2,150.16 3 0
spectron-backend/internal/httpapi/sensor_handler.go:150.16,153.3 2 0
spectron-backend/internal/httpapi/sensor_handler.go:155.2,161.26 3 0
spectron-backend/internal/httpapi/sensor_handler.go:161.26,169.17 2 0
spectron-backend/internal/httpapi/sensor_handler.go:169.17,172.4 2 0
spectron-backend/internal/httpapi/sensor_handler.go:173.3,173.126 1 0
spectron-backend/internal/httpapi/sensor_handler.go:174.8,174.23 1 0
spectron-backend/internal/httpapi/sensor_handler.go:174.23,177.3 2 0
spectron-backend/internal/httpapi/sensor_handler.go:179.2,180.38 2 0
spectron-backend/internal/httpapi/sensor_handler.go:183.93,185.16 2 0
spectron-backend/internal/httpapi/sensor_handler.go:185.16,188.3 2 0
spectron-backend/internal/httpapi/sensor_handler.go:190.2,192.16 3 0
spectron-backend/internal/httpapi/sensor_handler.go:192.16,195.3 2 0
spectron-backend/internal/httpapi/sensor_handler.go:197.2,205.40 3 0
spectron-backend/internal/httpapi/sensor_handler.go:205.40,208.3 2 0
spectron-backend/internal/httpapi/sensor_handler.go:210.2,215.41 3 0
spectron-backend/internal/httpapi/sensor_handler.go:218.95,220.16 2 0
spectron-backend/internal/httpapi/sensor_handler.go:220.16,223.3 2 0
spectron-backend/internal/httpapi/sensor_handler.go:225.2,227.16 3 0
spectron-backend/internal/httpapi/sensor_handler.go:227.16,230.3 2 0
spectron-backend/internal/httpapi/sensor_handler.go:232.2,235.61 2 0
spectron-backend/internal/httpapi/sensor_handler.go:235.61,238.3 2 0
spectron-backend/internal/httpapi/sensor_handler.go:240.2,241.43 2 0
spectron-backend/internal/httpapi/sensor_handler.go:241.43,244.3 2 0
spectron-backend/internal/httpapi/sensor_handler.go:246.2,256.16 3 0
spectron-backend/internal/httpapi/sensor_handler.go:256.16,259.3 2 0
spectron-backend/internal/httpapi/sensor_handler.go:261.2,262.114 2 0
spectron-backend/internal/httpapi/sensor_handler.go:265.70,267.16 2 0
spectron-backend/internal/httpapi/sensor_handler.go:267.16,270.3 2 0
spectron-backend/internal/httpapi/sensor_handler.go:272.2,282.16 4 0
spectron-backend/internal/httpapi/sensor_handler.go:282.16,285.3 2 0
spectron-backend/internal/httpapi/sensor_handler.go:286.2,286.38 1 0
spectron-backend/internal/httpapi/sensor_handler.go:286.38,289.3 2 0
spectron-backend/internal/httpapi/sensor_handler.go:291.2,336.16 2 0
spectron-backend/internal/httpapi/sensor_handler.go:336.16,339.3 2 0
spectron-backend/internal/httpapi/sensor_handler.go:340.2,343.18 3 0
spectron-backend/internal/httpapi/sensor_handler.go:343.18,345.17 2 0
spectron-backend/internal/httpapi/sensor_handler.go:345.17,346.12 1 0
spectron-backend/internal/httpapi/sensor_handler.go:348.3,348.31 1 0
spectron-backend/internal/httpapi/sensor_handler.go:351.2,351.36 1 0
spectron-backend/internal/httpapi/sensor_handler.go:354.69,356.16 2 0
spectron-backend/internal/httpapi/sensor_handler.go:356.16,359.3 2 0
spectron-backend/internal/httpapi/sensor_handler.go:361.2,409.16 3 0
spectron-backend/internal/httpapi/sensor_handler.go:409.16,412.3 2 0
spectron-backend/internal/httpapi/sensor_handler.go:414.2,414.30 1 0
spectron-backend/internal/httpapi/sensor_handler.go:417.72,419.16 2 0
spectron-backend/internal/httpapi/sensor_handler.go:419.16,422.3 2 0
spectron-backend/internal/httpapi/sensor_handler.go:424.2,427.61 3 0
spectron-backend/internal/httpapi/sensor_handler.go:427.61,430.3 2 0
spectron-backend/internal/httpapi/sensor_handler.go:432.2,432.21 1 0
spectron-backend/internal/httpapi/sensor_handler.go:432.21,435.3 2 0
spectron-backend/internal/httpapi/sensor_handler.go:437.2,438.16 2 0
spectron-backend/internal/httpapi/sensor_handler.go:438.16,441.3 2 0
spectron-backend/internal/httpapi/sensor_handler.go:443.2,452.16 2 0
spectron-backend/internal/httpapi/sensor_handler.go:452.16,455.3 2 0
spectron-backend/internal/httpapi/sensor_handler.go:456.2,456.29 1 0
spectron-backend/internal/httpapi/sensor_handler.go:456.29,459.3 2 0
spectron-backend/internal/httpapi/sensor_handler.go:461.2,461.13 1 0
spectron-backend/internal/httpapi/sensor_handler.go:464.81,466.16 2 0
spectron-backend/internal/httpapi/sensor_handler.go:466.16,469.3 2 0
spectron-backend/internal/httpapi/sensor_handler.go:471.2,474.61 3 0
spectron-backend/internal/httpapi/sensor_handler.go:474.61,477.3 2 0
spectron-backend/internal/httpapi/sensor_handler.go:478.2,481.23 4 0
spectron-backend/internal/httpapi/sensor_handler.go:481.23,484.3 2 0
spectron-backend/internal/httpapi/sensor_handler.go:486.2,487.16 2 0
spectron-backend/internal/httpapi/sensor_handler.go:487.16,490.3 2 0
spectron-backend/internal/httpapi/sensor_handler.go:492.2,496.108 5 0
spectron-backend/internal/httpapi/sensor_handler.go:496.108,498.3 1 0
spectron-backend/internal/httpapi/sensor_handler.go:499.2,505.22 5 0
spectron-backend/internal/httpapi/sensor_handler.go:505.22,507.30 2 0
spectron-backend/internal/httpapi/sensor_handler.go:507.30,509.4 1 0
spectron-backend/internal/httpapi/sensor_handler.go:509.9,511.4 1 0
spectron-backend/internal/httpapi/sensor_handler.go:512.8,517.3 3 0
spectron-backend/internal/httpapi/sensor_handler.go:519.2,520.47 2 0
spectron-backend/internal/httpapi/sensor_handler.go:520.47,522.3 1 0
spectron-backend/internal/httpapi/sensor_handler.go:523.2,540.37 3 0
spectron-backend/internal/httpapi/sensor_handler.go:614.76,615.23 1 0
spectron-backend/internal/httpapi/sensor_handler.go:615.23,617.3 1 0
spectron-backend/internal/httpapi/sensor_handler.go:619.2,620.34 2 0
spectron-backend/internal/httpapi/sensor_handler.go:620.34,623.45 3 0
spectron-backend/internal/httpapi/sensor_handler.go:623.45,624.12 1 0
spectron-backend/internal/httpapi/sensor_handler.go:626.3,626.40 1 0
spectron-backend/internal/httpapi/sensor_handler.go:629.2,629.26 1 0
spectron-backend/internal/httpapi/sensor_handler.go:629.26,631.3 1 0
spectron-backend/internal/httpapi/sensor_handler.go:633.2,633.19 1 0
spectron-backend/internal/httpapi/sensor_handler.go:636.82,638.35 2 0
spectron-backend/internal/httpapi/sensor_handler.go:638.35,640.3 1 0
spectron-backend/internal/httpapi/sensor_handler.go:642.2,652.34 3 0
spectron-backend/internal/httpapi/sensor_handler.go:652.34,654.19 2 0
spectron-backend/internal/httpapi/sensor_handler.go:654.19,655.12 1 0
spectron-backend/internal/httpapi/sensor_handler.go:657.3,657.91 1 0
spectron-backend/internal/httpapi/sensor_handler.go:659.2,659.47 1 0
spectron-backend/internal/httpapi/sensor_handler.go:659.47,661.42 2 0
spectron-backend/internal/httpapi/sensor_handler.go:661.42,662.25 1 0
spectron-backend/internal/httpapi/sensor_handler.go:662.25,664.10 2 0
spectron-backend/internal/httpapi/sensor_handler.go:667.3,667.13 1 0
spectron-backend/internal/httpapi/sensor_handler.go:667.13,669.4 1 0
spectron-backend/internal/httpapi/sensor_handler.go:672.2,672.23 1 0
spectron-backend/internal/httpapi/sensor_handler.go:672.23,674.3 1 0
spectron-backend/internal/httpapi/sensor_handler.go:676.2,677.87 2 0
spectron-backend/internal/httpapi/sensor_handler.go:677.87,679.3 1 0
spectron-backend/internal/httpapi/sensor_handler.go:681.2,681.24 1 0
spectron-backend/internal/httpapi/sensor_handler.go:681.24,683.3 1 0
spectron-backend/internal/httpapi/sensor_handler.go:684.2,684.41 1 0
spectron-backend/internal/httpapi/sensor_handler.go:684.41,686.3 1 0
spectron-backend/internal/httpapi/sensor_handler.go:686.8,686.112 1 0
spectron-backend/internal/httpapi/sensor_handler.go:686.112,688.3 1 0
spectron-backend/internal/httpapi/sensor_handler.go:690.2,690.12 1 0
spectron-backend/internal/httpapi/sensor_handler.go:693.51,694.13 1 0
spectron-backend/internal/httpapi/sensor_handler.go:695.29,696.23 1 0
spectron-backend/internal/httpapi/sensor_handler.go:697.24,698.26 1 0
spectron-backend/internal/httpapi/sensor_handler.go:699.32,700.24 1 0
spectron-backend/internal/httpapi/sensor_handler.go:701.29,702.25 1 0
spectron-backend/internal/httpapi/sensor_handler.go:703.22,704.24 1 0
spectron-backend/internal/httpapi/sensor_handler.go:705.24,706.26 1 0
spectron-backend/internal/httpapi/sensor_handler.go:707.10,708.43 1 0
spectron-backend/internal/httpapi/sensor_handler.go:716.31,726.80 2 0
spectron-backend/internal/httpapi/sensor_handler.go:726.80,728.3 1 0
spectron-backend/internal/httpapi/sensor_handler.go:730.2,731.24 2 0
spectron-backend/internal/httpapi/sensor_handler.go:731.24,738.18 1 0
spectron-backend/internal/httpapi/sensor_handler.go:738.18,739.36 1 0
spectron-backend/internal/httpapi/sensor_handler.go:739.36,741.6 1 0
spectron-backend/internal/httpapi/sensor_handler.go:742.5,746.12 1 0
spectron-backend/internal/httpapi/sensor_handler.go:751.2,754.74 3 0
spectron-backend/internal/httpapi/sensor_handler.go:754.74,755.40 1 0
spectron-backend/internal/httpapi/sensor_handler.go:755.40,757.4 1 0
spectron-backend/internal/httpapi/sensor_handler.go:758.3,758.38 1 0
spectron-backend/internal/httpapi/sensor_handler.go:758.38,759.34 1 0
spectron-backend/internal/httpapi/sensor_handler.go:759.34,761.5 1 0
spectron-backend/internal/httpapi/sensor_handler.go:763.3,763.42 1 0
spectron-backend/internal/httpapi/sensor_handler.go:766.2,772.17 2 0
spectron-backend/internal/httpapi/sensor_handler.go:773.24,788.35 3 0
spectron-backend/internal/httpapi/sensor_handler.go:789.37,804.35 3 0
spectron-backend/internal/httpapi/sensor_handler.go:805.43,820.57 3 0
spectron-backend/internal/httpapi/sensor_handler.go:821.10,831.35 2 0
spectron-backend/internal/httpapi/sensor_handler.go:834.2,834.18 1 0
spectron-backend/internal/httpapi/sensor_handler.go:837.83,838.16 1 0
spectron-backend/internal/httpapi/sensor_handler.go:838.16,841.43 1 0
spectron-backend/internal/httpapi/sensor_handler.go:841.43,843.4 1 0
spectron-backend/internal/httpapi/sensor_handler.go:844.3,844.73 1 0
spectron-backend/internal/httpapi/sensor_handler.go:844.73,846.4 1 0
spectron-backend/internal/httpapi/sensor_handler.go:849.2,853.3 1 0
spectron-backend/internal/httpapi/sensor_handler.go:864.45,867.2 1 0
spectron-backend/internal/httpapi/sensor_handler.go:869.44,873.2 1 0
spectron-backend/internal/httpapi/sensor_handler.go:875.37,878.2 1 0
spectron-backend/internal/httpapi/sensor_handler.go:880.38,883.2 1 0
spectron-backend/internal/httpapi/sensor_handler.go:885.37,888.2 1 0
spectron-backend/internal/httpapi/sensor_handler.go:890.181,894.76 3 0
spectron-backend/internal/httpapi/sensor_handler.go:894.76,896.3 1 0
spectron-backend/internal/httpapi/sensor_handler.go:898.2,898.84 1 0
spectron-backend/internal/httpapi/sensor_handler.go:898.84,900.3 1 0
spectron-backend/internal/httpapi/sensor_handler.go:902.2,902.44 1 0
spectron-backend/internal/httpapi/sensor_handler.go:902.44,904.3 1 0
spectron-backend/internal/httpapi/sensor_handler.go:906.2,906.18 1 0
spectron-backend/internal/httpapi/sensor_handler.go:906.18,908.3 1 0
spectron-backend/internal/httpapi/sensor_handler.go:910.2,914.17 4 0
spectron-backend/internal/httpapi/sensor_handler.go:914.17,916.3 1 0
spectron-backend/internal/httpapi/sensor_handler.go:918.2,919.19 2 0
spectron-backend/internal/httpapi/sensor_handler.go:919.19,921.3 1 0
spectron-backend/internal/httpapi/sensor_handler.go:922.2,942.16 7 0
spectron-backend/internal/httpapi/sensor_handler.go:942.16,944.3 1 0
spectron-backend/internal/httpapi/sensor_handler.go:946.2,949.36 4 0
spectron-backend/internal/httpapi/sensor_handler.go:949.36,951.25 2 0
spectron-backend/internal/httpapi/sensor_handler.go:951.25,952.12 1 0
spectron-backend/internal/httpapi/sensor_handler.go:954.3,955.43 2 0
spectron-backend/internal/httpapi/sensor_handler.go:958.2,961.42 4 0
spectron-backend/internal/httpapi/sensor_handler.go:961.42,962.29 1 0
spectron-backend/internal/httpapi/sensor_handler.go:962.29,964.9 2 0
spectron-backend/internal/httpapi/sensor_handler.go:967.3,968.21 2 0
spectron-backend/internal/httpapi/sensor_handler.go:968.21,972.9 4 0
spectron-backend/internal/httpapi/sensor_handler.go:975.3,977.41 3 0
spectron-backend/internal/httpapi/sensor_handler.go:977.41,978.9 1 0
spectron-backend/internal/httpapi/sensor_handler.go:982.2,982.20 1 0
spectron-backend/internal/httpapi/sensor_handler.go:982.20,988.3 3 0
spectron-backend/internal/httpapi/sensor_handler.go:990.2,991.62 2 0
spectron-backend/internal/httpapi/sensor_handler.go:991.62,993.3 1 0
spectron-backend/internal/httpapi/sensor_handler.go:995.2,995.89 1 0
spectron-backend/internal/httpapi/sensor_handler.go:995.89,997.3 1 0
spectron-backend/internal/httpapi/sensor_handler.go:999.2,1001.20 3 0
spectron-backend/internal/httpapi/sensor_handler.go:1001.20,1003.3 1 0
spectron-backend/internal/httpapi/sensor_handler.go:1004.2,1005.70 2 0
spectron-backend/internal/httpapi/sensor_handler.go:1005.70,1007.3 1 0
spectron-backend/internal/httpapi/sensor_handler.go:1009.2,1010.33 2 0
spectron-backend/internal/httpapi/sensor_handler.go:1013.116,1015.123 2 0
spectron-backend/internal/httpapi/sensor_handler.go:1015.123,1017.3 1 0
spectron-backend/internal/httpapi/sensor_handler.go:1018.2,1018.113 1 0
spectron-backend/internal/httpapi/sensor_handler.go:1018.113,1020.3 1 0
spectron-backend/internal/httpapi/sensor_handler.go:1021.2,1021.121 1 0
spectron-backend/internal/httpapi/sensor_handler.go:1021.121,1023.3 1 0
spectron-backend/internal/httpapi/sensor_handler.go:1024.2,1024.155 1 0
spectron-backend/internal/httpapi/sensor_handler.go:1024.155,1026.3 1 0
spectron-backend/internal/httpapi/sensor_handler.go:1027.2,1027.200 1 0
spectron-backend/internal/httpapi/sensor_handler.go:1030.69,1031.18 1 0
spectron-backend/internal/httpapi/sensor_handler.go:1031.18,1033.3 1 0
spectron-backend/internal/httpapi/sensor_handler.go:1034.2,1034.25 1 0
spectron-backend/internal/httpapi/sensor_handler.go:1034.25,1036.3 1 0
spectron-backend/internal/httpapi/sensor_handler.go:1037.2,1037.23 1 0
spectron-backend/internal/httpapi/sensor_handler.go:1040.104,1042.23 2 0
spectron-backend/internal/httpapi/sensor_handler.go:1042.23,1080.3 1 0
spectron-backend/internal/httpapi/sensor_handler.go:1082.2,1104.73 1 0
spectron-backend/internal/httpapi/sensor_handler.go:1107.72,1108.32 1 0
spectron-backend/internal/httpapi/sensor_handler.go:1108.32,1110.3 1 0
spectron-backend/internal/httpapi/sensor_handler.go:1112.2,1113.16 2 0
spectron-backend/internal/httpapi/sensor_handler.go:1113.16,1116.3 2 0
spectron-backend/internal/httpapi/sensor_handler.go:1118.2,1119.38 2 0
spectron-backend/internal/httpapi/sensor_handler.go:1122.61,1130.2 2 1
spectron-backend/internal/httpapi/sensor_handler.go:1132.129,1133.41 1 0
spectron-backend/internal/httpapi/sensor_handler.go:1133.41,1135.3 1 0
spectron-backend/internal/httpapi/sensor_handler.go:1136.2,1136.43 1 0
spectron-backend/internal/httpapi/sensor_handler.go:1136.43,1138.3 1 0
spectron-backend/internal/httpapi/sensor_handler.go:1140.2,1140.54 1 0
spectron-backend/internal/httpapi/sensor_handler.go:1140.54,1142.3 1 0
spectron-backend/internal/httpapi/sensor_handler.go:1144.2,1145.29 2 0
spectron-backend/internal/httpapi/sensor_handler.go:1145.29,1147.3 1 0
spectron-backend/internal/httpapi/sensor_handler.go:1149.2,1150.22 2 0
spectron-backend/internal/httpapi/sensor_handler.go:1150.22,1151.178 1 0
spectron-backend/internal/httpapi/sensor_handler.go:1151.178,1153.4 1 0
spectron-backend/internal/httpapi/sensor_handler.go:1153.9,1155.4 1 0
spectron-backend/internal/httpapi/sensor_handler.go:1158.2,1159.46 2 0
spectron-backend/internal/httpapi/sensor_handler.go:1159.46,1160.40 1 0
spectron-backend/internal/httpapi/sensor_handler.go:1160.40,1162.9 2 0
spectron-backend/internal/httpapi/sensor_handler.go:1165.2,1167.46 3 0
spectron-backend/internal/httpapi/sensor_handler.go:1167.46,1168.40 1 0
spectron-backend/internal/httpapi/sensor_handler.go:1168.40,1170.9 2 0
spectron-backend/internal/httpapi/sensor_handler.go:1174.2,1190.23 3 0
spectron-backend/internal/httpapi/sensor_handler.go:1190.23,1192.3 1 0
spectron-backend/internal/httpapi/sensor_handler.go:1194.2,1194.28 1 0
spectron-backend/internal/httpapi/sensor_handler.go:1197.98,1200.29 3 1
spectron-backend/internal/httpapi/sensor_handler.go:1200.29,1205.33 5 1
spectron-backend/internal/httpapi/sensor_handler.go:1205.33,1207.4 1 0
spectron-backend/internal/httpapi/sensor_handler.go:1208.3,1208.86 1 1
spectron-backend/internal/httpapi/sensor_handler.go:1208.86,1209.12 1 0
spectron-backend/internal/httpapi/sensor_handler.go:1211.3,1211.27 1 1
spectron-backend/internal/httpapi/sensor_handler.go:1211.27,1213.4 1 0
spectron-backend/internal/httpapi/sensor_handler.go:1214.3,1215.16 2 1
spectron-backend/internal/httpapi/sensor_handler.go:1215.16,1216.12 1 0
spectron-backend/internal/httpapi/sensor_handler.go:1218.3,1219.40 2 1
spectron-backend/internal/httpapi/sensor_handler.go:1221.2,1221.19 1 1
spectron-backend/internal/httpapi/sensor_handler.go:1224.58,1225.52 1 1
spectron-backend/internal/httpapi/sensor_handler.go:1226.29,1227.23 1 0
spectron-backend/internal/httpapi/sensor_handler.go:1228.39,1229.20 1 1
spectron-backend/internal/httpapi/sensor_handler.go:1230.40,1231.25 1 0
spectron-backend/internal/httpapi/sensor_handler.go:1232.10,1233.52 1 0
spectron-backend/internal/httpapi/sensor_handler.go:1237.123,1238.29 1 1
spectron-backend/internal/httpapi/sensor_handler.go:1238.29,1240.3 1 0
spectron-backend/internal/httpapi/sensor_handler.go:1241.2,1241.29 1 1
spectron-backend/internal/httpapi/sensor_handler.go:1241.29,1243.19 2 1
spectron-backend/internal/httpapi/sensor_handler.go:1243.19,1244.12 1 0
spectron-backend/internal/httpapi/sensor_handler.go:1246.3,1248.24 3 1
spectron-backend/internal/httpapi/sensor_handler.go:1249.23,1250.20 1 1
spectron-backend/internal/httpapi/sensor_handler.go:1250.20,1251.13 1 0
spectron-backend/internal/httpapi/sensor_handler.go:1253.4,1253.36 1 1
spectron-backend/internal/httpapi/sensor_handler.go:1253.36,1255.5 1 1
spectron-backend/internal/httpapi/sensor_handler.go:1255.10,1257.5 1 1
spectron-backend/internal/httpapi/sensor_handler.go:1258.20,1259.20 1 0
spectron-backend/internal/httpapi/sensor_handler.go:1259.20,1260.13 1 0
spectron-backend/internal/httpapi/sensor_handler.go:1262.4,1262.36 1 0
spectron-backend/internal/httpapi/sensor_handler.go:1262.36,1264.5 1 0
spectron-backend/internal/httpapi/sensor_handler.go:1264.10,1266.5 1 0
spectron-backend/internal/httpapi/sensor_handler.go:1267.24,1268.32 1 0
spectron-backend/internal/httpapi/sensor_handler.go:1268.32,1270.5 1 0
spectron-backend/internal/httpapi/sensor_handler.go:1271.4,1271.32 1 0
spectron-backend/internal/httpapi/sensor_handler.go:1271.32,1273.5 1 0
spectron-backend/internal/httpapi/sensor_handler.go:1275.3,1275.37 1 1
spectron-backend/internal/httpapi/sensor_handler.go:1279.70,1280.37 1 1
spectron-backend/internal/httpapi/sensor_handler.go:1280.37,1281.31 1 1
spectron-backend/internal/httpapi/sensor_handler.go:1281.31,1283.4 1 1
spectron-backend/internal/httpapi/sensor_handler.go:1284.3,1284.46 1 0
spectron-backend/internal/httpapi/sensor_handler.go:1286.2,1286.34 1 0
spectron-backend/internal/httpapi/sensor_handler.go:1286.34,1287.31 1 0
spectron-backend/internal/httpapi/sensor_handler.go:1287.31,1289.4 1 0
spectron-backend/internal/httpapi/sensor_handler.go:1290.3,1290.46 1 0
spectron-backend/internal/httpapi/sensor_handler.go:1292.2,1292.12 1 0
spectron-backend/internal/httpapi/sensor_handler.go:1295.181,1297.17 2 0
spectron-backend/internal/httpapi/sensor_handler.go:1297.17,1299.3 1 0
spectron-backend/internal/httpapi/sensor_handler.go:1301.2,1302.19 2 0
spectron-backend/internal/httpapi/sensor_handler.go:1302.19,1304.3 1 0
spectron-backend/internal/httpapi/sensor_handler.go:1305.2,1321.16 6 0
spectron-backend/internal/httpapi/sensor_handler.go:1321.16,1323.3 1 0
spectron-backend/internal/httpapi/sensor_handler.go:1325.2,1326.16 2 0
spectron-backend/internal/httpapi/sensor_handler.go:1326.16,1328.3 1 0
spectron-backend/internal/httpapi/sensor_handler.go:1330.2,1331.62 2 0
spectron-backend/internal/httpapi/sensor_handler.go:1331.62,1333.3 1 0
spectron-backend/internal/httpapi/sensor_handler.go:1335.2,1337.20 3 0
spectron-backend/internal/httpapi/sensor_handler.go:1337.20,1339.3 1 0
spectron-backend/internal/httpapi/sensor_handler.go:1341.2,1342.70 2 0
spectron-backend/internal/httpapi/sensor_handler.go:1342.70,1344.3 1 0
spectron-backend/internal/httpapi/sensor_handler.go:1346.2,1347.33 2 0
spectron-backend/internal/httpapi/sensor_handler.go:1350.181,1353.18 3 0
spectron-backend/internal/httpapi/sensor_handler.go:1353.18,1355.3 1 0
spectron-backend/internal/httpapi/sensor_handler.go:1357.2,1376.16 7 0
spectron-backend/internal/httpapi/sensor_handler.go:1376.16,1377.94 1 0
spectron-backend/internal/httpapi/sensor_handler.go:1377.94,1380.4 2 0
spectron-backend/internal/httpapi/sensor_handler.go:1381.3,1381.17 1 0
spectron-backend/internal/httpapi/sensor_handler.go:1381.17,1383.4 1 0
spectron-backend/internal/httpapi/sensor_handler.go:1386.2,1387.62 2 0
spectron-backend/internal/httpapi/sensor_handler.go:1387.62,1389.3 1 0
spectron-backend/internal/httpapi/sensor_handler.go:1391.2,1391.34 1 0
spectron-backend/internal/httpapi/sensor_handler.go:1391.34,1393.3 1 0
spectron-backend/internal/httpapi/sensor_handler.go:1395.2,1397.20 3 0
spectron-backend/internal/httpapi/sensor_handler.go:1397.20,1399.3 1 0
spectron-backend/internal/httpapi/sensor_handler.go:1401.2,1402.70 2 0
spectron-backend/internal/httpapi/sensor_handler.go:1402.70,1404.3 1 0
spectron-backend/internal/httpapi/sensor_handler.go:1406.2,1407.33 2 0
spectron-backend/internal/httpapi/sensor_handler.go:1410.36,1412.20 2 1
spectron-backend/internal/httpapi/sensor_handler.go:1412.20,1414.3 1 0
spectron-backend/internal/httpapi/sensor_handler.go:1415.2,1420.107 1 1
spectron-backend/internal/httpapi/sensor_handler.go:1420.107,1422.3 1 1
spectron-backend/internal/httpapi/sensor_handler.go:1423.2,1423.11 1 0
spectron-backend/internal/httpapi/sensor_handler.go:1426.53,1427.30 1 1
spectron-backend/internal/httpapi/sensor_handler.go:1427.30,1428.81 1 1
spectron-backend/internal/httpapi/sensor_handler.go:1428.81,1430.4 1 1
spectron-backend/internal/httpapi/sensor_handler.go:1431.3,1431.73 1 1
spectron-backend/internal/httpapi/sensor_handler.go:1431.73,1433.4 1 1
spectron-backend/internal/httpapi/sensor_handler.go:1434.3,1434.56 1 0
spectron-backend/internal/httpapi/sensor_handler.go:1437.2,1437.76 1 0
spectron-backend/internal/httpapi/sensor_handler.go:1437.76,1439.3 1 0
spectron-backend/internal/httpapi/sensor_handler.go:1440.2,1440.72 1 0
spectron-backend/internal/httpapi/sensor_handler.go:1440.72,1442.3 1 0
spectron-backend/internal/httpapi/sensor_handler.go:1443.2,1443.55 1 0
spectron-backend/internal/httpapi/sensor_handler.go:1446.52,1447.30 1 1
spectron-backend/internal/httpapi/sensor_handler.go:1447.30,1448.77 1 1
spectron-backend/internal/httpapi/sensor_handler.go:1448.77,1450.4 1 1
spectron-backend/internal/httpapi/sensor_handler.go:1451.3,1451.69 1 0
spectron-backend/internal/httpapi/sensor_handler.go:1451.69,1453.4 1 0
spectron-backend/internal/httpapi/sensor_handler.go:1454.3,1454.73 1 0
spectron-backend/internal/httpapi/sensor_handler.go:1454.73,1456.4 1 0
spectron-backend/internal/httpapi/sensor_handler.go:1457.3,1457.50 1 0
spectron-backend/internal/httpapi/sensor_handler.go:1460.2,1460.72 1 0
spectron-backend/internal/httpapi/sensor_handler.go:1460.72,1462.3 1 0
spectron-backend/internal/httpapi/sensor_handler.go:1463.2,1463.68 1 0
spectron-backend/internal/httpapi/sensor_handler.go:1463.68,1465.3 1 0
spectron-backend/internal/httpapi/sensor_handler.go:1466.2,1466.25 1 0
spectron-backend/internal/httpapi/sensor_handler.go:1469.54,1470.30 1 1
spectron-backend/internal/httpapi/sensor_handler.go:1470.30,1471.88 1 1
spectron-backend/internal/httpapi/sensor_handler.go:1471.88,1473.4 1 0
spectron-backend/internal/httpapi/sensor_handler.go:1474.3,1474.80 1 1
spectron-backend/internal/httpapi/sensor_handler.go:1474.80,1476.4 1 0
spectron-backend/internal/httpapi/sensor_handler.go:1477.3,1477.84 1 1
spectron-backend/internal/httpapi/sensor_handler.go:1477.84,1479.4 1 0
spectron-backend/internal/httpapi/sensor_handler.go:1480.3,1480.40 1 1
spectron-backend/internal/httpapi/sensor_handler.go:1483.2,1483.83 1 0
spectron-backend/internal/httpapi/sensor_handler.go:1483.83,1485.3 1 0
spectron-backend/internal/httpapi/sensor_handler.go:1486.2,1486.79 1 0
spectron-backend/internal/httpapi/sensor_handler.go:1486.79,1488.3 1 0
spectron-backend/internal/httpapi/sensor_handler.go:1489.2,1489.41 1 0
spectron-backend/internal/httpapi/sensor_handler.go:1492.127,1494.16 2 0
spectron-backend/internal/httpapi/sensor_handler.go:1494.16,1496.3 1 0
spectron-backend/internal/httpapi/sensor_handler.go:1498.2,1502.16 4 0
spectron-backend/internal/httpapi/sensor_handler.go:1502.16,1504.3 1 0
spectron-backend/internal/httpapi/sensor_handler.go:1505.2,1507.65 3 0
spectron-backend/internal/httpapi/sensor_handler.go:1507.65,1510.3 2 0
spectron-backend/internal/httpapi/sensor_handler.go:1512.2,1513.16 2 0
spectron-backend/internal/httpapi/sensor_handler.go:1513.16,1515.3 1 0
spectron-backend/internal/httpapi/sensor_handler.go:1516.2,1519.16 3 0
spectron-backend/internal/httpapi/sensor_handler.go:1519.16,1521.3 1 0
spectron-backend/internal/httpapi/sensor_handler.go:1523.2,1523.61 1 0
spectron-backend/internal/httpapi/sensor_handler.go:1523.61,1525.3 1 0
spectron-backend/internal/httpapi/sensor_handler.go:1527.2,1527.22 1 0
spectron-backend/internal/httpapi/sensor_handler.go:1530.59,1536.2 2 0
spectron-backend/internal/httpapi/sensor_handler.go:1538.61,1539.61 1 0
spectron-backend/internal/httpapi/sensor_handler.go:1539.61,1541.3 1 0
spectron-backend/internal/httpapi/sensor_handler.go:1542.2,1542.17 1 0
spectron-backend/internal/httpapi/sensor_handler.go:1545.52,1551.49 6 0
spectron-backend/internal/httpapi/sensor_handler.go:1551.49,1553.3 1 0
spectron-backend/internal/httpapi/sensor_handler.go:1554.2,1554.35 1 0
spectron-backend/internal/httpapi/sensor_handler.go:1557.52,1559.19 2 0
spectron-backend/internal/httpapi/sensor_handler.go:1559.19,1561.3 1 0
spectron-backend/internal/httpapi/sensor_handler.go:1563.2,1563.73 1 0
spectron-backend/internal/httpapi/sensor_handler.go:1563.73,1565.3 1 0
spectron-backend/internal/httpapi/sensor_handler.go:1567.2,1567.49 1 0
spectron-backend/internal/httpapi/sensor_handler.go:1567.49,1569.3 1 0
spectron-backend/internal/httpapi/sensor_handler.go:1571.2,1571.40 1 0
spectron-backend/internal/httpapi/sensor_handler.go:1574.59,1581.2 2 0
spectron-backend/internal/httpapi/sensor_handler.go:1583.127,1590.54 5 0
spectron-backend/internal/httpapi/sensor_handler.go:1590.54,1592.17 2 0
spectron-backend/internal/httpapi/sensor_handler.go:1592.17,1594.4 1 0
spectron-backend/internal/httpapi/sensor_handler.go:1595.3,1598.17 3 0
spectron-backend/internal/httpapi/sensor_handler.go:1598.17,1599.30 1 0
spectron-backend/internal/httpapi/sensor_handler.go:1599.30,1601.5 1 0
spectron-backend/internal/httpapi/sensor_handler.go:1602.4,1604.12 3 0
spectron-backend/internal/httpapi/sensor_handler.go:1607.3,1609.21 3 0
spectron-backend/internal/httpapi/sensor_handler.go:1609.21,1610.30 1 0
spectron-backend/internal/httpapi/sensor_handler.go:1610.30,1612.5 1 0
spectron-backend/internal/httpapi/sensor_handler.go:1613.4,1615.12 3 0
spectron-backend/internal/httpapi/sensor_handler.go:1618.3,1618.62 1 0
spectron-backend/internal/httpapi/sensor_handler.go:1618.62,1620.4 1 0
spectron-backend/internal/httpapi/sensor_handler.go:1622.3,1624.29 3 0
spectron-backend/internal/httpapi/sensor_handler.go:1624.29,1626.4 1 0
spectron-backend/internal/httpapi/sensor_handler.go:1629.3,1629.45 1 0
spectron-backend/internal/httpapi/sensor_handler.go:1629.45,1631.23 2 0
spectron-backend/internal/httpapi/sensor_handler.go:1631.23,1634.5 2 0
spectron-backend/internal/httpapi/sensor_handler.go:1635.4,1636.12 2 0
spectron-backend/internal/httpapi/sensor_handler.go:1639.3,1639.104 1 0
spectron-backend/internal/httpapi/sensor_handler.go:1642.2,1642.83 1 0
spectron-backend/internal/httpapi/sensor_handler.go:1645.52,1647.19 2 0
spectron-backend/internal/httpapi/sensor_handler.go:1647.19,1649.3 1 0
spectron-backend/internal/httpapi/sensor_handler.go:1651.2,1652.59 2 0
spectron-backend/internal/httpapi/sensor_handler.go:1652.59,1654.3 1 0
spectron-backend/internal/httpapi/sensor_handler.go:1656.2,1656.40 1 0
spectron-backend/internal/httpapi/sensor_handler.go:1659.112,1666.54 5 0
spectron-backend/internal/httpapi/sensor_handler.go:1666.54,1668.17 2 0
spectron-backend/internal/httpapi/sensor_handler.go:1668.17,1670.4 1 0
spectron-backend/internal/httpapi/sensor_handler.go:1671.3,1674.17 3 0
spectron-backend/internal/httpapi/sensor_handler.go:1674.17,1675.30 1 0
spectron-backend/internal/httpapi/sensor_handler.go:1675.30,1677.5 1 0
spectron-backend/internal/httpapi/sensor_handler.go:1678.4,1680.12 3 0
spectron-backend/internal/httpapi/sensor_handler.go:1683.3,1685.21 3 0
spectron-backend/internal/httpapi/sensor_handler.go:1685.21,1686.30 1 0
spectron-backend/internal/httpapi/sensor_handler.go:1686.30,1688.5 1 0
spectron-backend/internal/httpapi/sensor_handler.go:1689.4,1691.12 3 0
spectron-backend/internal/httpapi/sensor_handler.go:1694.3,1694.62 1 0
spectron-backend/internal/httpapi/sensor_handler.go:1694.62,1696.4 1 0
spectron-backend/internal/httpapi/sensor_handler.go:1698.3,1700.29 3 0
spectron-backend/internal/httpapi/sensor_handler.go:1700.29,1702.4 1 0
spectron-backend/internal/httpapi/sensor_handler.go:1704.3,1704.45 1 0
spectron-backend/internal/httpapi/sensor_handler.go:1704.45,1707.12 3 0
spectron-backend/internal/httpapi/sensor_handler.go:1710.3,1710.104 1 0
spectron-backend/internal/httpapi/sensor_handler.go:1713.2,1713.83 1 0
spectron-backend/internal/httpapi/sensor_handler.go:1716.38,1717.64 1 0
spectron-backend/internal/httpapi/sensor_handler.go:1717.64,1719.3 1 0
spectron-backend/internal/httpapi/sensor_handler.go:1720.2,1720.44 1 0
spectron-backend/internal/httpapi/sensor_handler.go:1720.44,1722.3 1 0
spectron-backend/internal/httpapi/sensor_handler.go:1723.2,1723.67 1 0
spectron-backend/internal/httpapi/sensor_handler.go:1726.40,1728.2 1 0
spectron-backend/internal/httpapi/sensor_handler.go:1730.30,1732.2 1 0
spectron-backend/internal/httpapi/sensor_handler.go:1734.36,1736.2 1 0
spectron-backend/internal/httpapi/sensor_handler.go:1738.40,1740.2 1 0
spectron-backend/internal/httpapi/sensor_handler.go:1742.44,1744.2 1 0
spectron-backend/internal/httpapi/sensor_handler.go:1746.30,1748.2 1 0
spectron-backend/internal/httpapi/sensor_handler.go:1750.30,1752.2 1 0
spectron-backend/internal/httpapi/sensor_handler.go:1754.52,1763.2 1 0
spectron-backend/internal/httpapi/sensor_handler.go:1767.46,1768.16 1 0
spectron-backend/internal/httpapi/sensor_handler.go:1768.16,1770.3 1 0
spectron-backend/internal/httpapi/sensor_handler.go:1772.2,1773.37 2 0
spectron-backend/internal/httpapi/sensor_handler.go:1776.52,1779.117 3 0
spectron-backend/internal/httpapi/sensor_handler.go:1779.117,1781.3 1 0
spectron-backend/internal/httpapi/sensor_handler.go:1781.8,1781.94 1 0
spectron-backend/internal/httpapi/sensor_handler.go:1781.94,1783.3 1 0
spectron-backend/internal/httpapi/sensor_handler.go:1783.8,1783.104 1 0
spectron-backend/internal/httpapi/sensor_handler.go:1783.104,1785.3 1 0
spectron-backend/internal/httpapi/sensor_handler.go:1787.2,1787.9 1 0
spectron-backend/internal/httpapi/sensor_handler.go:1788.78,1789.122 1 0
spectron-backend/internal/httpapi/sensor_handler.go:1790.128,1791.119 1 0
spectron-backend/internal/httpapi/sensor_handler.go:1792.94,1793.103 1 0
spectron-backend/internal/httpapi/sensor_handler.go:1794.10,1795.120 1 0
spectron-backend/internal/httpapi/sensor_handler.go:1799.91,1802.2 2 0
spectron-backend/internal/httpapi/sensor_handler.go:1804.68,1806.15 2 0
spectron-backend/internal/httpapi/sensor_handler.go:1806.15,1808.3 1 0
spectron-backend/internal/httpapi/sensor_handler.go:1810.2,1811.16 2 0
spectron-backend/internal/httpapi/sensor_handler.go:1811.16,1813.3 1 0
spectron-backend/internal/httpapi/sensor_handler.go:1814.2,1814.18 1 0
spectron-backend/internal/httpapi/sensor_handler.go:1814.18,1816.3 1 0
spectron-backend/internal/httpapi/sensor_handler.go:1817.2,1817.18 1 0
spectron-backend/internal/httpapi/sensor_handler.go:1817.18,1819.3 1 0
spectron-backend/internal/httpapi/sensor_handler.go:1820.2,1820.15 1 0
spectron-backend/internal/httpapi/sensor_handler.go:1823.53,1825.19 2 0
spectron-backend/internal/httpapi/sensor_handler.go:1825.19,1827.3 1 0
spectron-backend/internal/httpapi/sensor_handler.go:1829.2,1829.70 1 0
spectron-backend/internal/httpapi/sensor_handler.go:1829.70,1831.3 1 0
spectron-backend/internal/httpapi/sensor_handler.go:1833.2,1833.10 1 0
spectron-backend/internal/httpapi/sensor_handler.go:1836.45,1838.19 2 0
spectron-backend/internal/httpapi/sensor_handler.go:1838.19,1840.3 1 0
spectron-backend/internal/httpapi/sensor_handler.go:1842.2,1849.46 7 0
spectron-backend/internal/httpapi/sensor_handler.go:1849.46,1851.3 1 0
spectron-backend/internal/httpapi/sensor_handler.go:1853.2,1853.50 1 0
spectron-backend/internal/httpapi/sensor_handler.go:1856.114,1860.39 2 1
spectron-backend/internal/httpapi/sensor_handler.go:1860.39,1862.18 2 0
spectron-backend/internal/httpapi/sensor_handler.go:1862.18,1864.4 1 0
spectron-backend/internal/httpapi/sensor_handler.go:1867.2,1867.23 1 1
spectron-backend/internal/httpapi/sensor_handler.go:1867.23,1869.3 1 0
spectron-backend/internal/httpapi/sensor_handler.go:1870.2,1870.25 1 1
spectron-backend/internal/httpapi/sensor_handler.go:1870.25,1872.3 1 0
spectron-backend/internal/httpapi/sensor_handler.go:1875.2,1876.26 2 1
spectron-backend/internal/httpapi/sensor_handler.go:1876.26,1879.21 2 1
spectron-backend/internal/httpapi/sensor_handler.go:1879.21,1881.4 1 1
spectron-backend/internal/httpapi/sensor_handler.go:1884.2,1894.31 4 1
spectron-backend/internal/httpapi/sensor_handler.go:1894.31,1896.3 1 1
spectron-backend/internal/httpapi/sensor_handler.go:1897.2,1918.3 6 1
spectron-backend/internal/httpapi/sensor_handler.go:1921.102,1922.32 1 1
spectron-backend/internal/httpapi/sensor_handler.go:1922.32,1924.3 1 0
spectron-backend/internal/httpapi/sensor_handler.go:1926.2,1927.16 2 1
spectron-backend/internal/httpapi/sensor_handler.go:1927.16,1930.3 2 0
spectron-backend/internal/httpapi/sensor_handler.go:1932.2,1934.35 3 1
spectron-backend/internal/httpapi/sensor_handler.go:1934.35,1935.55 1 1
spectron-backend/internal/httpapi/sensor_handler.go:1935.55,1936.12 1 1
spectron-backend/internal/httpapi/sensor_handler.go:1938.3,1939.22 2 1
spectron-backend/internal/httpapi/sensor_handler.go:1939.22,1940.9 1 0
spectron-backend/internal/httpapi/sensor_handler.go:1943.2,1943.44 1 1
spectron-backend/internal/httpapi/sensor_handler.go:1946.80,1953.9 6 1
spectron-backend/internal/httpapi/sensor_handler.go:1954.44,1956.20 2 1
spectron-backend/internal/httpapi/sensor_handler.go:1957.181,1958.17 1 1
spectron-backend/internal/httpapi/sensor_handler.go:1959.60,1960.17 1 1
spectron-backend/internal/httpapi/sensor_handler.go:1961.45,1964.17 3 0
spectron-backend/internal/httpapi/sensor_handler.go:1965.157,1968.17 3 0
spectron-backend/internal/httpapi/sensor_handler.go:1971.2,1978.32 2 1
spectron-backend/internal/httpapi/sensor_handler.go:1978.32,1980.3 1 1
spectron-backend/internal/httpapi/sensor_handler.go:1980.8,1982.3 1 0
spectron-backend/internal/httpapi/sensor_handler.go:1983.2,1983.13 1 1
spectron-backend/internal/httpapi/sensor_handler.go:1986.64,1988.18 2 1
spectron-backend/internal/httpapi/sensor_handler.go:1989.19,1990.25 1 0
spectron-backend/internal/httpapi/sensor_handler.go:1991.10,1992.26 1 1
spectron-backend/internal/httpapi/sensor_handler.go:1996.70,1997.23 1 1
spectron-backend/internal/httpapi/sensor_handler.go:1997.23,1999.3 1 0
spectron-backend/internal/httpapi/sensor_handler.go:2000.2,2000.21 1 1
spectron-backend/internal/httpapi/sensor_handler.go:2000.21,2002.3 1 0
spectron-backend/internal/httpapi/sensor_handler.go:2004.2,2009.27 5 1
spectron-backend/internal/httpapi/sensor_handler.go:2009.27,2011.3 1 0
spectron-backend/internal/httpapi/sensor_handler.go:2013.2,2014.21 2 1
spectron-backend/internal/httpapi/sensor_handler.go:2014.21,2016.3 1 0
spectron-backend/internal/httpapi/sensor_handler.go:2017.2,2017.23 1 1
spectron-backend/internal/httpapi/sensor_handler.go:2017.23,2019.3 1 1
spectron-backend/internal/httpapi/sensor_handler.go:2021.2,2021.20 1 1
spectron-backend/internal/httpapi/sensor_handler.go:2024.76,2026.16 2 0
spectron-backend/internal/httpapi/sensor_handler.go:2026.16,2029.3 2 0
spectron-backend/internal/httpapi/sensor_handler.go:2031.2,2034.16 3 0
spectron-backend/internal/httpapi/sensor_handler.go:2034.16,2037.3 2 0
spectron-backend/internal/httpapi/sensor_handler.go:2039.2,2040.41 2 0
spectron-backend/internal/httpapi/sensor_handler.go:2040.41,2043.3 2 0
spectron-backend/internal/httpapi/sensor_handler.go:2045.2,2046.92 2 0
spectron-backend/internal/httpapi/sensor_handler.go:2046.92,2048.3 1 0
spectron-backend/internal/httpapi/sensor_handler.go:2050.2,2051.91 2 0
spectron-backend/internal/httpapi/sensor_handler.go:2051.91,2053.3 1 0
spectron-backend/internal/httpapi/sensor_handler.go:2054.2,2054.26 1 0
spectron-backend/internal/httpapi/sensor_handler.go:2054.26,2056.3 1 0
spectron-backend/internal/httpapi/sensor_handler.go:2058.2,2060.16 3 0
spectron-backend/internal/httpapi/sensor_handler.go:2060.16,2063.3 2 0
spectron-backend/internal/httpapi/sensor_handler.go:2065.2,2066.16 2 0
spectron-backend/internal/httpapi/sensor_handler.go:2066.16,2069.3 2 0
spectron-backend/internal/httpapi/sensor_handler.go:2071.2,2072.16 2 0
spectron-backend/internal/httpapi/sensor_handler.go:2072.16,2075.3 2 0
spectron-backend/internal/httpapi/sensor_handler.go:2077.2,2081.16 4 0
spectron-backend/internal/httpapi/sensor_handler.go:2081.16,2084.3 2 0
spectron-backend/internal/httpapi/sensor_handler.go:2085.2,2092.16 3 0
spectron-backend/internal/httpapi/sensor_handler.go:2092.16,2095.3 2 0
spectron-backend/internal/httpapi/sensor_handler.go:2097.2,2114.16 3 0
spectron-backend/internal/httpapi/sensor_handler.go:2114.16,2117.3 2 0
spectron-backend/internal/httpapi/sensor_handler.go:2119.2,2124.16 2 0
spectron-backend/internal/httpapi/sensor_handler.go:2124.16,2127.3 2 0
spectron-backend/internal/httpapi/sensor_handler.go:2129.2,2129.47 1 0
spectron-backend/internal/httpapi/sensor_handler.go:2129.47,2132.3 2 0
spectron-backend/internal/httpapi/sensor_handler.go:2140.2,2160.4 3 0
spectron-backend/internal/httpapi/sensor_handler.go:2163.35,2165.2 1 1
spectron-backend/internal/httpapi/sensor_handler.go:2167.24,2168.11 1 1
spectron-backend/internal/httpapi/sensor_handler.go:2168.11,2170.3 1 1
spectron-backend/internal/httpapi/sensor_handler.go:2171.2,2171.10 1 1
spectron-backend/internal/httpapi/sensor_handler_support.go:31.66,59.16 8 0
spectron-backend/internal/httpapi/sensor_handler_support.go:59.16,61.3 1 0
spectron-backend/internal/httpapi/sensor_handler_support.go:63.2,63.67 1 0
spectron-backend/internal/httpapi/sensor_handler_support.go:63.67,65.72 2 0
spectron-backend/internal/httpapi/sensor_handler_support.go:65.72,67.4 1 0
spectron-backend/internal/httpapi/sensor_handler_support.go:70.2,71.32 2 0
spectron-backend/internal/httpapi/sensor_handler_support.go:71.32,73.3 1 0
spectron-backend/internal/httpapi/sensor_handler_support.go:74.2,82.20 2 0
spectron-backend/internal/httpapi/sensor_handler_support.go:85.93,87.16 2 1
spectron-backend/internal/httpapi/sensor_handler_support.go:87.16,89.3 1 0
spectron-backend/internal/httpapi/sensor_handler_support.go:91.2,92.20 2 1
spectron-backend/internal/httpapi/sensor_handler_support.go:92.20,94.3 1 0
spectron-backend/internal/httpapi/sensor_handler_support.go:96.2,97.80 2 1
spectron-backend/internal/httpapi/sensor_handler_support.go:97.80,98.69 1 1
spectron-backend/internal/httpapi/sensor_handler_support.go:98.69,100.4 1 1
spectron-backend/internal/httpapi/sensor_handler_support.go:101.3,101.68 1 1
spectron-backend/internal/httpapi/sensor_handler_support.go:101.68,103.4 1 1
spectron-backend/internal/httpapi/sensor_handler_support.go:104.3,107.22 4 1
spectron-backend/internal/httpapi/sensor_handler_support.go:110.2,111.54 2 0
spectron-backend/internal/httpapi/sensor_handler_support.go:111.54,113.3 1 0
spectron-backend/internal/httpapi/sensor_handler_support.go:114.2,114.34 1 0
spectron-backend/internal/httpapi/sensor_handler_support.go:114.34,115.43 1 0
spectron-backend/internal/httpapi/sensor_handler_support.go:115.43,117.4 1 0
spectron-backend/internal/httpapi/sensor_handler_support.go:118.3,118.42 1 0
spectron-backend/internal/httpapi/sensor_handler_support.go:118.42,120.4 1 0
spectron-backend/internal/httpapi/sensor_handler_support.go:122.2,128.8 2 0
spectron-backend/internal/httpapi/sensor_handler_support.go:131.132,166.16 5 0
spectron-backend/internal/httpapi/sensor_handler_support.go:166.16,168.3 1 0
spectron-backend/internal/httpapi/sensor_handler_support.go:170.2,172.25 3 0
spectron-backend/internal/httpapi/sensor_handler_support.go:172.25,174.3 1 0
spectron-backend/internal/httpapi/sensor_handler_support.go:176.2,176.22 1 0
spectron-backend/internal/httpapi/sensor_handler_support.go:179.108,180.15 1 0
spectron-backend/internal/httpapi/sensor_handler_support.go:180.15,182.3 1 0
spectron-backend/internal/httpapi/sensor_handler_support.go:183.2,183.15 1 0
spectron-backend/internal/httpapi/sensor_handler_support.go:183.15,185.3 1 0
spectron-backend/internal/httpapi/sensor_handler_support.go:187.2,214.30 9 0
spectron-backend/internal/httpapi/sensor_handler_support.go:214.30,216.3 1 0
spectron-backend/internal/httpapi/sensor_handler_support.go:218.2,219.21 2 0
spectron-backend/internal/httpapi/sensor_handler_support.go:219.21,221.3 1 0
spectron-backend/internal/httpapi/sensor_handler_support.go:222.2,222.40 1 0
spectron-backend/internal/httpapi/sensor_handler_support.go:222.40,224.3 1 0
spectron-backend/internal/httpapi/sensor_handler_support.go:225.2,225.22 1 0
spectron-backend/internal/httpapi/sensor_handler_support.go:225.22,227.3 1 0
spectron-backend/internal/httpapi/sensor_handler_support.go:229.2,229.34 1 0
spectron-backend/internal/httpapi/sensor_handler_support.go:239.29,240.42 1 1
spectron-backend/internal/httpapi/sensor_handler_support.go:240.42,242.3 1 0
spectron-backend/internal/httpapi/sensor_handler_support.go:244.2,246.48 3 1
spectron-backend/internal/httpapi/sensor_handler_support.go:246.48,248.3 1 1
spectron-backend/internal/httpapi/sensor_handler_support.go:250.2,251.26 2 1
spectron-backend/internal/httpapi/sensor_handler_support.go:251.26,253.3 1 0
spectron-backend/internal/httpapi/sensor_handler_support.go:254.2,254.27 1 1
spectron-backend/internal/httpapi/sensor_handler_support.go:254.27,256.3 1 0
spectron-backend/internal/httpapi/sensor_handler_support.go:258.2,265.28 3 1
spectron-backend/internal/httpapi/sensor_handler_support.go:265.28,268.3 2 1
spectron-backend/internal/httpapi/sensor_handler_support.go:268.8,268.120 1 1
spectron-backend/internal/httpapi/sensor_handler_support.go:268.120,274.3 2 1
spectron-backend/internal/httpapi/sensor_handler_support.go:276.2,284.3 1 1
spectron-backend/internal/httpapi/sensor_handler_support.go:287.69,288.84 1 1
spectron-backend/internal/httpapi/sensor_handler_support.go:288.84,289.37 1 1
spectron-backend/internal/httpapi/sensor_handler_support.go:289.37,291.4 1 0
spectron-backend/internal/httpapi/sensor_handler_support.go:292.3,292.35 1 1
spectron-backend/internal/httpapi/sensor_handler_support.go:295.2,295.11 1 1
spectron-backend/internal/httpapi/system_support.go:45.58,61.16 7 0
spectron-backend/internal/httpapi/system_support.go:61.16,63.3 1 0
spectron-backend/internal/httpapi/system_support.go:64.2,68.20 5 0
spectron-backend/internal/httpapi/system_support.go:71.117,91.2 1 0
spectron-backend/internal/httpapi/system_support.go:93.121,95.19 2 0
spectron-backend/internal/httpapi/system_support.go:95.19,97.3 1 0
spectron-backend/internal/httpapi/system_support.go:99.2,117.16 2 0
spectron-backend/internal/httpapi/system_support.go:117.16,118.27 1 0
spectron-backend/internal/httpapi/system_support.go:118.27,120.4 1 0
spectron-backend/internal/httpapi/system_support.go:121.3,121.29 1 0
spectron-backend/internal/httpapi/system_support.go:124.2,124.20 1 0
spectron-backend/internal/httpapi/system_support.go:134.25,135.29 1 0
spectron-backend/internal/httpapi/system_support.go:135.29,137.17 2 0
spectron-backend/internal/httpapi/system_support.go:137.17,139.4 1 0
spectron-backend/internal/httpapi/system_support.go:140.3,140.82 1 0
spectron-backend/internal/httpapi/system_support.go:140.82,142.4 1 0
spectron-backend/internal/httpapi/system_support.go:143.3,143.73 1 0
spectron-backend/internal/httpapi/system_support.go:146.2,168.16 2 0
spectron-backend/internal/httpapi/system_support.go:168.16,170.3 1 0
spectron-backend/internal/httpapi/system_support.go:171.2,171.26 1 0
spectron-backend/internal/httpapi/system_support.go:171.26,173.3 1 0
spectron-backend/internal/httpapi/system_support.go:175.2,176.47 2 0
spectron-backend/internal/httpapi/system_support.go:176.47,178.3 1 0
spectron-backend/internal/httpapi/system_support.go:180.2,199.58 2 0
spectron-backend/internal/httpapi/system_support.go:199.58,201.3 1 0
spectron-backend/internal/httpapi/system_support.go:203.2,203.75 1 0
spectron-backend/internal/httpapi/system_support.go:206.54,208.20 2 0
spectron-backend/internal/httpapi/system_support.go:209.72,210.14 1 0
spectron-backend/internal/httpapi/system_support.go:211.10,212.15 1 0
spectron-backend/internal/httpapi/system_support.go:222.25,231.45 2 0
spectron-backend/internal/httpapi/system_support.go:231.45,233.3 1 0
spectron-backend/internal/httpapi/system_support.go:235.2,242.56 1 0
spectron-backend/internal/httpapi/system_support.go:242.56,244.3 1 0
spectron-backend/internal/httpapi/system_support.go:246.2,254.40 3 0
spectron-backend/internal/httpapi/system_support.go:254.40,256.3 1 0
spectron-backend/internal/httpapi/system_support.go:257.2,257.26 1 0
spectron-backend/internal/httpapi/system_support.go:257.26,267.64 1 0
spectron-backend/internal/httpapi/system_support.go:267.64,269.4 1 0
spectron-backend/internal/httpapi/system_support.go:272.2,277.28 1 0
spectron-backend/internal/httpapi/system_support.go:277.28,279.3 1 0
spectron-backend/internal/httpapi/system_support.go:281.2,297.16 1 0
spectron-backend/internal/httpapi/system_support.go:300.137,309.16 4 0
spectron-backend/internal/httpapi/system_support.go:309.16,310.27 1 0
spectron-backend/internal/httpapi/system_support.go:310.27,312.4 1 0
spectron-backend/internal/httpapi/system_support.go:313.3,313.13 1 0
spectron-backend/internal/httpapi/system_support.go:316.2,322.44 1 0
spectron-backend/internal/httpapi/system_support.go:322.44,324.3 1 0
spectron-backend/internal/httpapi/system_support.go:326.2,338.12 2 0
spectron-backend/internal/httpapi/system_support.go:354.31,357.23 3 0
spectron-backend/internal/httpapi/system_support.go:357.23,359.3 1 0
spectron-backend/internal/httpapi/system_support.go:361.2,362.33 2 0
spectron-backend/internal/httpapi/system_support.go:362.33,364.3 1 0
spectron-backend/internal/httpapi/system_support.go:365.2,365.26 1 0
spectron-backend/internal/httpapi/system_support.go:366.68,366.68 0 0
spectron-backend/internal/httpapi/system_support.go:367.10,368.28 1 0
spectron-backend/internal/httpapi/system_support.go:371.2,408.16 3 0
spectron-backend/internal/httpapi/system_support.go:408.16,410.3 1 0
spectron-backend/internal/httpapi/system_support.go:412.2,412.31 1 0
spectron-backend/internal/httpapi/system_support.go:412.31,418.50 1 0
spectron-backend/internal/httpapi/system_support.go:418.50,420.4 1 0
spectron-backend/internal/httpapi/system_support.go:421.3,421.47 1 0
spectron-backend/internal/httpapi/system_support.go:424.2,424.27 1 0
spectron-backend/internal/httpapi/system_support.go:424.27,429.46 1 0
spectron-backend/internal/httpapi/system_support.go:429.46,431.4 1 0
spectron-backend/internal/httpapi/system_support.go:434.2,443.40 5 0
spectron-backend/internal/httpapi/system_support.go:443.40,445.3 1 0
spectron-backend/internal/httpapi/system_support.go:446.2,446.16 1 0
spectron-backend/internal/httpapi/system_support.go:446.16,449.53 3 0
spectron-backend/internal/httpapi/system_support.go:449.53,455.83 1 0
spectron-backend/internal/httpapi/system_support.go:455.83,457.5 1 0
spectron-backend/internal/httpapi/system_support.go:458.4,458.22 1 0
spectron-backend/internal/httpapi/system_support.go:462.2,471.64 1 0
spectron-backend/internal/httpapi/system_support.go:471.64,473.3 1 0
spectron-backend/internal/httpapi/system_support.go:475.2,487.16 2 0
spectron-backend/internal/httpapi/system_support.go:487.16,489.3 1 0
spectron-backend/internal/httpapi/system_support.go:491.2,491.20 1 0
spectron-backend/internal/kafka/config.go:24.57,25.40 1 1
spectron-backend/internal/kafka/config.go:25.40,27.3 1 1
spectron-backend/internal/kafka/config.go:29.2,29.21 1 1
spectron-backend/internal/kafka/config.go:29.21,31.3 1 1
spectron-backend/internal/kafka/config.go:33.2,33.45 1 1
spectron-backend/internal/kafka/config.go:33.45,35.3 1 1
spectron-backend/internal/kafka/config.go:37.2,37.21 1 0
spectron-backend/internal/kafka/config.go:37.21,38.50 1 0
spectron-backend/internal/kafka/config.go:38.50,40.4 1 0
spectron-backend/internal/kafka/config.go:41.3,41.49 1 0
spectron-backend/internal/kafka/config.go:41.49,43.4 1 0
spectron-backend/internal/kafka/config.go:46.2,46.12 1 0
spectron-backend/internal/kafka/config.go:49.59,50.57 1 0
spectron-backend/internal/kafka/config.go:50.57,52.3 1 0
spectron-backend/internal/kafka/config.go:53.2,53.21 1 0
spectron-backend/internal/kafka/config.go:53.21,55.3 1 0
spectron-backend/internal/kafka/config.go:57.2,58.16 2 0
spectron-backend/internal/kafka/config.go:58.16,59.25 1 0
spectron-backend/internal/kafka/config.go:59.25,61.4 1 0
spectron-backend/internal/kafka/config.go:62.3,62.68 1 0
spectron-backend/internal/kafka/config.go:65.2,66.50 2 0
spectron-backend/internal/kafka/config.go:66.50,68.3 1 0
spectron-backend/internal/kafka/config.go:70.2,76.21 2 0
spectron-backend/internal/kafka/config.go:76.21,78.17 2 0
spectron-backend/internal/kafka/config.go:78.17,79.26 1 0
spectron-backend/internal/kafka/config.go:79.26,81.5 1 0
spectron-backend/internal/kafka/config.go:82.4,82.77 1 0
spectron-backend/internal/kafka/config.go:84.3,84.51 1 0
spectron-backend/internal/kafka/config.go:87.2,87.23 1 0
spectron-backend/internal/mail/mailer.go:19.48,21.2 1 0
spectron-backend/internal/mail/mailer.go:23.36,25.2 1 0
spectron-backend/internal/mail/mailer.go:27.102,28.34 1 0
spectron-backend/internal/mail/mailer.go:28.34,30.3 1 0
spectron-backend/internal/mail/mailer.go:32.2,33.21 2 0
spectron-backend/internal/mail/mailer.go:33.21,35.3 1 0
spectron-backend/internal/mail/mailer.go:37.2,37.21 1 0
spectron-backend/internal/mail/mailer.go:37.21,39.3 1 0
spectron-backend/internal/mail/mailer.go:41.2,42.22 2 0
spectron-backend/internal/mail/mailer.go:42.22,44.3 1 0
spectron-backend/internal/mail/mailer.go:45.2,45.22 1 0
spectron-backend/internal/mail/mailer.go:45.22,47.3 1 0
spectron-backend/internal/mail/mailer.go:49.2,50.65 2 0
spectron-backend/internal/mail/mailer.go:50.65,52.3 1 0
spectron-backend/internal/mail/mailer.go:54.2,56.15 3 0
spectron-backend/internal/mail/mailer.go:56.15,58.3 1 0
spectron-backend/internal/mail/mailer.go:60.2,76.88 12 0
spectron-backend/internal/mail/mailer.go:76.88,78.3 1 0
spectron-backend/internal/mail/mailer.go:80.2,81.81 2 0
spectron-backend/internal/mail/mailer.go:84.63,91.2 6 0
spectron-backend/internal/models/recommendation.go:27.59,56.22 3 0
spectron-backend/internal/models/recommendation.go:56.22,58.3 1 0
spectron-backend/internal/models/recommendation.go:59.2,59.29 1 0
spectron-backend/internal/models/recommendation.go:59.29,61.3 1 0
spectron-backend/internal/models/recommendation.go:62.2,62.111 1 0
spectron-backend/internal/models/recommendation.go:62.111,64.3 1 0
spectron-backend/internal/models/recommendation.go:65.2,65.27 1 0
spectron-backend/internal/models/recommendation.go:65.27,67.3 1 0
spectron-backend/internal/models/recommendation.go:68.2,68.27 1 0
spectron-backend/internal/models/recommendation.go:68.27,70.3 1 0
spectron-backend/internal/models/recommendation.go:71.2,71.26 1 0
spectron-backend/internal/models/sensor_config_layers.go:5.85,6.16 1 0
spectron-backend/internal/models/sensor_config_layers.go:6.16,8.3 1 0
spectron-backend/internal/models/sensor_config_layers.go:10.2,16.15 1 0
spectron-backend/internal/models/sensor_config_layers.go:16.15,18.3 1 0
spectron-backend/internal/models/sensor_config_layers.go:20.2,20.31 1 0
spectron-backend/internal/models/sensor_config_layers.go:20.31,21.48 1 0
spectron-backend/internal/models/sensor_config_layers.go:21.48,23.4 1 0
spectron-backend/internal/models/sensor_config_layers.go:24.3,24.43 1 0
spectron-backend/internal/models/sensor_config_layers.go:24.43,26.4 1 0
spectron-backend/internal/models/sensor_config_layers.go:27.3,27.49 1 0
spectron-backend/internal/models/sensor_config_layers.go:27.49,29.4 1 0
spectron-backend/internal/models/sensor_config_layers.go:30.3,30.45 1 0
spectron-backend/internal/models/sensor_config_layers.go:30.45,32.4 1 0
spectron-backend/internal/models/sensor_config_layers.go:33.3,33.85 1 0
spectron-backend/internal/models/sensor_config_layers.go:33.85,35.4 1 0
spectron-backend/internal/models/sensor_config_layers.go:36.3,36.44 1 0
spectron-backend/internal/models/sensor_config_layers.go:36.44,38.4 1 0
spectron-backend/internal/models/sensor_config_layers.go:39.3,39.39 1 0
spectron-backend/internal/models/sensor_config_layers.go:39.39,41.4 1 0
spectron-backend/internal/models/sensor_config_layers.go:42.3,42.45 1 0
spectron-backend/internal/models/sensor_config_layers.go:42.45,44.4 1 0
spectron-backend/internal/models/sensor_config_layers.go:45.3,45.60 1 0
spectron-backend/internal/models/sensor_config_layers.go:45.60,47.4 1 0
spectron-backend/internal/models/sensor_config_layers.go:48.3,48.85 1 0
spectron-backend/internal/models/sensor_config_layers.go:48.85,50.4 1 0
spectron-backend/internal/models/sensor_config_layers.go:51.3,51.54 1 0
spectron-backend/internal/models/sensor_config_layers.go:51.54,53.4 1 0
spectron-backend/internal/models/sensor_config_layers.go:56.2,56.81 1 0
spectron-backend/internal/models/sensor_config_layers.go:56.81,58.3 1 0
spectron-backend/internal/models/sensor_config_layers.go:59.2,59.29 1 0
spectron-backend/internal/models/sensor_config_layers.go:59.29,60.55 1 0
spectron-backend/internal/models/sensor_config_layers.go:60.55,62.4 1 0
spectron-backend/internal/models/sensor_config_layers.go:63.3,63.37 1 0
spectron-backend/internal/models/sensor_config_layers.go:63.37,65.4 1 0
spectron-backend/internal/models/sensor_config_layers.go:68.2,68.106 1 0
spectron-backend/internal/models/sensor_config_layers.go:68.106,70.3 1 0
spectron-backend/internal/models/sensor_config_layers.go:71.2,71.25 1 0
spectron-backend/internal/models/sensor_config_layers.go:71.25,72.36 1 0
spectron-backend/internal/models/sensor_config_layers.go:72.36,74.4 1 0
spectron-backend/internal/models/sensor_config_layers.go:75.3,75.49 1 0
spectron-backend/internal/models/sensor_config_layers.go:75.49,77.4 1 0
spectron-backend/internal/models/sensor_config_layers.go:78.3,78.45 1 0
spectron-backend/internal/models/sensor_config_layers.go:78.45,80.4 1 0
spectron-backend/internal/models/sensor_config_layers.go:81.3,81.58 1 0
spectron-backend/internal/models/sensor_config_layers.go:81.58,83.4 1 0
spectron-backend/internal/models/sensor_config_layers.go:86.2,86.109 1 0
spectron-backend/internal/models/sensor_config_layers.go:86.109,88.3 1 0
spectron-backend/internal/models/sensor_config_layers.go:89.2,89.28 1 0
spectron-backend/internal/models/sensor_config_layers.go:89.28,90.36 1 0
spectron-backend/internal/models/sensor_config_layers.go:90.36,92.4 1 0
spectron-backend/internal/models/sensor_config_layers.go:93.3,93.49 1 0
spectron-backend/internal/models/sensor_config_layers.go:93.49,95.4 1 0
spectron-backend/internal/models/sensor_config_layers.go:96.3,96.48 1 0
spectron-backend/internal/models/sensor_config_layers.go:96.48,98.4 1 0
spectron-backend/internal/models/sensor_config_layers.go:99.3,99.61 1 0
spectron-backend/internal/models/sensor_config_layers.go:99.61,101.4 1 0
spectron-backend/internal/models/sensor_config_layers.go:104.2,104.56 1 0
spectron-backend/internal/models/sensor_config_layers.go:104.56,106.3 1 0
spectron-backend/internal/models/sensor_config_layers.go:107.2,107.25 1 0
spectron-backend/internal/models/sensor_config_layers.go:107.25,108.36 1 0
spectron-backend/internal/models/sensor_config_layers.go:108.36,110.4 1 0
spectron-backend/internal/models/sensor_config_layers.go:111.3,111.36 1 0
spectron-backend/internal/models/sensor_config_layers.go:111.36,113.4 1 0
spectron-backend/internal/models/sensor_config_layers.go:114.3,114.67 1 0
spectron-backend/internal/models/sensor_config_layers.go:114.67,116.4 1 0
spectron-backend/internal/models/sensor_config_layers.go:117.3,117.67 1 0
spectron-backend/internal/models/sensor_config_layers.go:117.67,119.4 1 0
spectron-backend/internal/models/sensor_config_layers.go:120.3,120.70 1 0
spectron-backend/internal/models/sensor_config_layers.go:120.70,121.86 1 0
spectron-backend/internal/models/sensor_config_layers.go:121.86,123.5 1 0
spectron-backend/internal/models/sensor_config_layers.go:127.2,127.51 1 0
spectron-backend/internal/models/sensor_config_layers.go:127.51,128.44 1 0
spectron-backend/internal/models/sensor_config_layers.go:128.44,129.86 1 0
spectron-backend/internal/models/sensor_config_layers.go:129.86,131.5 1 0
spectron-backend/internal/models/sensor_config_layers.go:133.3,133.74 1 0
spectron-backend/internal/models/sensor_config_layers.go:133.74,134.60 1 0
spectron-backend/internal/models/sensor_config_layers.go:134.60,136.5 1 0
spectron-backend/internal/models/sensor_config_layers.go:140.2,140.51 1 0
spectron-backend/internal/models/sensor_config_layers.go:140.51,141.45 1 0
spectron-backend/internal/models/sensor_config_layers.go:141.45,143.4 1 0
spectron-backend/internal/models/sensor_config_layers.go:144.3,144.48 1 0
spectron-backend/internal/models/sensor_config_layers.go:144.48,146.4 1 0
spectron-backend/internal/models/sensor_config_layers.go:147.3,147.41 1 0
spectron-backend/internal/models/sensor_config_layers.go:147.41,149.4 1 0
spectron-backend/internal/models/sensor_config_layers.go:150.3,150.44 1 0
spectron-backend/internal/models/sensor_config_layers.go:150.44,152.4 1 0
spectron-backend/internal/models/sensor_config_layers.go:153.3,153.58 1 0
spectron-backend/internal/models/sensor_config_layers.go:153.58,155.4 1 0
spectron-backend/internal/models/sensor_config_layers.go:156.3,156.61 1 0
spectron-backend/internal/models/sensor_config_layers.go:156.61,158.4 1 0
spectron-backend/internal/models/sensor_config_layers.go:162.53,178.2 1 0
spectron-backend/internal/models/sensor_config_layers.go:180.86,181.22 1 0
spectron-backend/internal/models/sensor_config_layers.go:181.22,183.3 1 0
spectron-backend/internal/models/sensor_config_layers.go:185.2,186.33 2 0
spectron-backend/internal/models/sensor_config_layers.go:186.33,188.3 1 0
spectron-backend/internal/models/sensor_config_layers.go:189.2,189.15 1 0
spectron-backend/internal/models/sensor_config_layers.go:192.67,194.23 2 0
spectron-backend/internal/models/sensor_config_layers.go:194.23,197.3 2 0
spectron-backend/internal/models/sensor_config_layers.go:198.2,198.23 1 0
spectron-backend/internal/models/sensor_config_layers.go:198.23,201.3 2 0
spectron-backend/internal/models/sensor_config_layers.go:202.2,202.30 1 0
spectron-backend/internal/models/sensor_config_layers.go:202.30,205.3 2 0
spectron-backend/internal/models/sensor_config_layers.go:206.2,206.30 1 0
spectron-backend/internal/models/sensor_config_layers.go:206.30,209.3 2 0
spectron-backend/internal/models/sensor_config_layers.go:210.2,210.15 1 0
spectron-backend/internal/models/sensor_config_layers.go:213.83,214.22 1 0
spectron-backend/internal/models/sensor_config_layers.go:214.22,216.3 1 0
spectron-backend/internal/models/sensor_config_layers.go:218.2,219.33 2 0
spectron-backend/internal/models/sensor_config_layers.go:219.33,221.3 1 0
spectron-backend/internal/models/sensor_config_layers.go:222.2,222.15 1 0
spectron-backend/internal/models/sensor_config_layers.go:225.63,226.19 1 0
spectron-backend/internal/models/sensor_config_layers.go:226.19,228.3 1 0
spectron-backend/internal/models/sensor_config_layers.go:230.2,231.28 2 0
spectron-backend/internal/models/sensor_config_layers.go:231.28,234.3 2 0
spectron-backend/internal/models/sensor_config_layers.go:235.2,235.16 1 0
spectron-backend/internal/models/sensor_config_layers.go:238.60,240.2 1 0
spectron-backend/internal/models/sensor_config_layers.go:242.55,244.2 1 0
spectron-backend/internal/models/sensor_config_layers.go:246.52,248.9 2 0
spectron-backend/internal/models/sensor_config_layers.go:248.9,250.3 1 0
spectron-backend/internal/models/sensor_config_layers.go:252.2,253.19 2 0
spectron-backend/internal/models/sensor_config_layers.go:253.19,255.3 1 0
spectron-backend/internal/models/sensor_config_layers.go:256.2,256.22 1 0
spectron-backend/internal/iot/alert_monitor.go:24.54,29.2 1 0
spectron-backend/internal/iot/alert_monitor.go:31.49,32.29 1 0
spectron-backend/internal/iot/alert_monitor.go:32.29,34.3 1 0
spectron-backend/internal/iot/alert_monitor.go:36.2,41.6 4 0
spectron-backend/internal/iot/alert_monitor.go:41.6,42.10 1 0
spectron-backend/internal/iot/alert_monitor.go:43.21,44.10 1 0
spectron-backend/internal/iot/alert_monitor.go:45.19,46.20 1 0
spectron-backend/internal/iot/alert_monitor.go:51.55,52.84 1 0
spectron-backend/internal/iot/alert_monitor.go:52.84,54.3 1 0
spectron-backend/internal/iot/alert_monitor.go:55.2,55.80 1 0
spectron-backend/internal/iot/alert_monitor.go:55.80,57.3 1 0
spectron-backend/internal/iot/alert_monitor.go:60.107,62.16 2 0
spectron-backend/internal/iot/alert_monitor.go:62.16,64.3 1 0
spectron-backend/internal/iot/alert_monitor.go:65.2,86.16 4 0
spectron-backend/internal/iot/alert_monitor.go:86.16,88.3 1 0
spectron-backend/internal/iot/alert_monitor.go:90.2,91.18 2 0
spectron-backend/internal/iot/alert_monitor.go:91.18,93.114 2 0
spectron-backend/internal/iot/alert_monitor.go:93.114,96.4 2 0
spectron-backend/internal/iot/alert_monitor.go:97.3,97.58 1 0
spectron-backend/internal/iot/alert_monitor.go:99.2,99.35 1 0
spectron-backend/internal/iot/alert_monitor.go:99.35,102.3 2 0
spectron-backend/internal/iot/alert_monitor.go:103.2,105.46 2 0
spectron-backend/internal/iot/alert_monitor.go:105.46,107.141 2 0
spectron-backend/internal/iot/alert_monitor.go:107.141,109.4 1 0
spectron-backend/internal/iot/alert_monitor.go:112.2,112.23 1 0
spectron-backend/internal/iot/alert_monitor.go:115.103,117.16 2 0
spectron-backend/internal/iot/alert_monitor.go:117.16,119.3 1 0
spectron-backend/internal/iot/alert_monitor.go:120.2,142.16 4 0
spectron-backend/internal/iot/alert_monitor.go:142.16,144.3 1 0
spectron-backend/internal/iot/alert_monitor.go:146.2,147.18 2 0
spectron-backend/internal/iot/alert_monitor.go:147.18,149.120 2 0
spectron-backend/internal/iot/alert_monitor.go:149.120,152.4 2 0
spectron-backend/internal/iot/alert_monitor.go:153.3,153.46 1 0
spectron-backend/internal/iot/alert_monitor.go:155.2,155.35 1 0
spectron-backend/internal/iot/alert_monitor.go:155.35,158.3 2 0
spectron-backend/internal/iot/alert_monitor.go:159.2,161.38 2 0
spectron-backend/internal/iot/alert_monitor.go:161.38,163.146 2 0
spectron-backend/internal/iot/alert_monitor.go:163.146,165.4 1 0
spectron-backend/internal/iot/alert_monitor.go:168.2,168.81 1 0
spectron-backend/internal/iot/alert_monitor.go:168.81,170.3 1 0
spectron-backend/internal/iot/alert_monitor.go:172.2,172.23 1 0
spectron-backend/internal/iot/alert_monitor.go:177.38,190.2 2 0
spectron-backend/internal/iot/alert_monitor.go:196.185,212.2 2 0
spectron-backend/internal/iot/config_publisher.go:16.148,24.16 3 0
spectron-backend/internal/iot/config_publisher.go:24.16,26.3 1 0
spectron-backend/internal/iot/config_publisher.go:28.2,31.9 3 0
spectron-backend/internal/iot/config_publisher.go:32.20,33.19 1 0
spectron-backend/internal/iot/config_publisher.go:34.10,35.13 1 0
spectron-backend/internal/iot/payload.go:71.86,73.2 1 0
spectron-backend/internal/iot/payload.go:75.111,77.25 2 0
spectron-backend/internal/iot/payload.go:77.25,79.3 1 0
spectron-backend/internal/iot/payload.go:81.2,83.37 3 0
spectron-backend/internal/iot/payload.go:83.37,89.3 1 0
spectron-backend/internal/iot/payload.go:91.2,99.3 1 0
spectron-backend/internal/iot/payload.go:102.66,103.14 1 0
spectron-backend/internal/iot/payload.go:103.14,105.3 1 0
spectron-backend/internal/iot/payload.go:107.2,107.9 1 0
spectron-backend/internal/iot/payload.go:108.40,109.33 1 0
spectron-backend/internal/iot/payload.go:110.36,111.35 1 0
spectron-backend/internal/iot/payload.go:112.32,113.35 1 0
spectron-backend/internal/iot/payload.go:114.10,115.33 1 0
spectron-backend/internal/iot/payload.go:119.53,120.43 1 0
spectron-backend/internal/iot/payload.go:120.43,122.3 1 0
spectron-backend/internal/iot/payload.go:123.2,123.27 1 0
spectron-backend/internal/iot/payload.go:123.27,125.3 1 0
spectron-backend/internal/iot/payload.go:127.2,127.37 1 0
spectron-backend/internal/iot/payload.go:127.37,128.41 1 0
spectron-backend/internal/iot/payload.go:128.41,130.4 1 0
spectron-backend/internal/iot/payload.go:131.3,131.43 1 0
spectron-backend/internal/iot/payload.go:131.43,133.4 1 0
spectron-backend/internal/iot/payload.go:136.2,136.12 1 0
spectron-backend/internal/iot/payload.go:139.71,140.43 1 0
spectron-backend/internal/iot/payload.go:140.43,142.3 1 0
spectron-backend/internal/iot/payload.go:143.2,143.27 1 0
spectron-backend/internal/iot/payload.go:143.27,145.3 1 0
spectron-backend/internal/iot/payload.go:147.2,147.37 1 0
spectron-backend/internal/iot/payload.go:147.37,148.41 1 0
spectron-backend/internal/iot/payload.go:148.41,150.4 1 0
spectron-backend/internal/iot/payload.go:151.3,151.43 1 0
spectron-backend/internal/iot/payload.go:151.43,153.4 1 0
spectron-backend/internal/iot/payload.go:156.2,156.12 1 0
spectron-backend/internal/iot/payload.go:159.61,160.43 1 0
spectron-backend/internal/iot/payload.go:160.43,162.3 1 0
spectron-backend/internal/iot/payload.go:164.2,164.12 1 0
spectron-backend/internal/iot/processor.go:25.70,27.2 1 0
spectron-backend/internal/iot/processor.go:29.96,31.16 2 0
spectron-backend/internal/iot/processor.go:31.16,33.3 1 0
spectron-backend/internal/iot/processor.go:34.2,44.16 6 0
spectron-backend/internal/iot/processor.go:44.16,46.3 1 0
spectron-backend/internal/iot/processor.go:48.2,59.16 2 0
spectron-backend/internal/iot/processor.go:59.16,61.3 1 0
spectron-backend/internal/iot/processor.go:63.2,63.50 1 0
spectron-backend/internal/iot/processor.go:63.50,64.40 1 0
spectron-backend/internal/iot/processor.go:64.40,66.4 1 0
spectron-backend/internal/iot/processor.go:67.3,67.13 1 0
spectron-backend/internal/iot/processor.go:70.2,70.39 1 0
spectron-backend/internal/iot/processor.go:70.39,71.97 1 0
spectron-backend/internal/iot/processor.go:71.97,73.4 1 0
spectron-backend/internal/iot/processor.go:76.2,76.78 1 0
spectron-backend/internal/iot/processor.go:76.78,78.3 1 0
spectron-backend/internal/iot/processor.go:80.2,80.39 1 0
spectron-backend/internal/iot/processor.go:80.39,82.3 1 0
spectron-backend/internal/iot/processor.go:84.2,84.12 1 0
spectron-backend/internal/iot/processor.go:87.186,106.16 9 0
spectron-backend/internal/iot/processor.go:106.16,108.3 1 0
spectron-backend/internal/iot/processor.go:110.2,118.79 4 0
spectron-backend/internal/iot/processor.go:118.79,120.3 1 0
spectron-backend/internal/iot/processor.go:121.2,121.34 1 0
spectron-backend/internal/iot/processor.go:121.34,123.3 1 0
spectron-backend/internal/iot/processor.go:124.2,124.21 1 0
spectron-backend/internal/iot/processor.go:124.21,126.21 2 0
spectron-backend/internal/iot/processor.go:126.21,128.4 1 0
spectron-backend/internal/iot/processor.go:129.3,129.43 1 0
spectron-backend/internal/iot/processor.go:132.2,133.16 2 0
spectron-backend/internal/iot/processor.go:133.16,135.3 1 0
spectron-backend/internal/iot/processor.go:137.2,150.23 3 0
spectron-backend/internal/iot/processor.go:150.23,155.3 4 0
spectron-backend/internal/iot/processor.go:157.2,158.15 2 0
spectron-backend/internal/iot/processor.go:158.15,168.17 2 0
spectron-backend/internal/iot/processor.go:168.17,170.4 1 0
spectron-backend/internal/iot/processor.go:171.3,171.14 1 0
spectron-backend/internal/iot/processor.go:171.14,177.86 6 0
spectron-backend/internal/iot/processor.go:177.86,179.5 1 0
spectron-backend/internal/iot/processor.go:183.2,184.16 2 0
spectron-backend/internal/iot/processor.go:184.16,186.3 1 0
spectron-backend/internal/iot/processor.go:188.2,196.16 2 0
spectron-backend/internal/iot/processor.go:196.16,198.3 1 0
spectron-backend/internal/iot/processor.go:200.2,211.36 1 0
spectron-backend/internal/iot/processor.go:211.36,213.3 1 0
spectron-backend/internal/iot/processor.go:215.2,215.12 1 0
spectron-backend/internal/iot/processor.go:218.78,219.56 1 1
spectron-backend/internal/iot/processor.go:220.29,221.28 1 1
spectron-backend/internal/iot/processor.go:222.10,223.22 1 1
spectron-backend/internal/iot/processor.go:237.22,240.23 3 0
spectron-backend/internal/iot/processor.go:240.23,242.3 1 0
spectron-backend/internal/iot/processor.go:244.2,271.16 3 0
spectron-backend/internal/iot/processor.go:271.16,273.3 1 0
spectron-backend/internal/iot/processor.go:275.2,279.49 1 0
spectron-backend/internal/iot/processor.go:279.49,281.3 1 0
spectron-backend/internal/iot/processor.go:283.2,290.101 3 0
spectron-backend/internal/iot/processor.go:290.101,292.3 1 0
spectron-backend/internal/iot/processor.go:293.2,293.44 1 0
spectron-backend/internal/iot/processor.go:293.44,295.3 1 0
spectron-backend/internal/iot/processor.go:296.2,296.31 1 0
spectron-backend/internal/iot/processor.go:296.31,302.55 1 0
spectron-backend/internal/iot/processor.go:302.55,304.4 1 0
spectron-backend/internal/iot/processor.go:307.2,318.40 7 0
spectron-backend/internal/iot/processor.go:318.40,320.3 1 0
spectron-backend/internal/iot/processor.go:321.2,323.16 3 0
spectron-backend/internal/iot/processor.go:323.16,326.41 3 0
spectron-backend/internal/iot/processor.go:326.41,332.67 1 0
spectron-backend/internal/iot/processor.go:332.67,334.5 1 0
spectron-backend/internal/iot/processor.go:335.4,335.30 1 0
spectron-backend/internal/iot/processor.go:339.2,348.69 1 0
spectron-backend/internal/iot/processor.go:348.69,350.3 1 0
spectron-backend/internal/iot/processor.go:352.2,364.16 2 0
spectron-backend/internal/iot/processor.go:364.16,366.3 1 0
spectron-backend/internal/iot/processor.go:368.2,368.28 1 0
spectron-backend/internal/iot/processor.go:371.86,372.18 1 0
spectron-backend/internal/iot/processor.go:372.18,374.3 1 0
spectron-backend/internal/iot/processor.go:376.2,380.16 2 0
spectron-backend/internal/iot/processor.go:380.16,382.3 1 0
spectron-backend/internal/iot/processor.go:384.2,384.12 1 0
spectron-backend/internal/iot/processor.go:387.61,389.2 1 1
spectron-backend/internal/iot/processor.go:415.167,416.9 1 0
spectron-backend/internal/iot/processor.go:416.9,418.3 1 0
spectron-backend/internal/iot/processor.go:420.2,421.27 2 0
spectron-backend/internal/iot/processor.go:421.27,423.3 1 0
spectron-backend/internal/iot/processor.go:425.2,426.83 2 0
spectron-backend/internal/iot/processor.go:426.83,428.3 1 0
spectron-backend/internal/iot/processor.go:429.2,429.174 1 0
spectron-backend/internal/iot/processor.go:432.133,442.16 3 0
spectron-backend/internal/iot/processor.go:442.16,444.3 1 0
spectron-backend/internal/iot/processor.go:445.2,445.37 1 0
spectron-backend/internal/iot/processor.go:445.37,447.3 1 0
spectron-backend/internal/iot/processor.go:448.2,448.70 1 0
spectron-backend/internal/iot/processor.go:481.43,483.14 2 0
spectron-backend/internal/iot/processor.go:483.14,485.3 1 0
spectron-backend/internal/iot/processor.go:487.2,494.40 3 0
spectron-backend/internal/iot/processor.go:494.40,496.3 1 0
spectron-backend/internal/iot/processor.go:497.2,497.26 1 0
spectron-backend/internal/iot/processor.go:497.26,499.3 1 0
spectron-backend/internal/iot/processor.go:501.2,514.16 3 0
spectron-backend/internal/iot/processor.go:514.16,516.3 1 0
spectron-backend/internal/iot/processor.go:518.2,518.26 1 0
spectron-backend/internal/iot/processor.go:521.112,522.56 1 1
spectron-backend/internal/iot/processor.go:523.43,523.43 0 1
spectron-backend/internal/iot/processor.go:524.10,525.43 1 0
spectron-backend/internal/iot/processor.go:528.2,531.34 3 1
spectron-backend/internal/iot/processor.go:531.34,532.66 1 1
spectron-backend/internal/iot/processor.go:532.66,533.53 1 0
spectron-backend/internal/iot/processor.go:533.53,535.5 1 0
spectron-backend/internal/iot/processor.go:537.3,537.63 1 1
spectron-backend/internal/iot/processor.go:537.63,538.57 1 0
spectron-backend/internal/iot/processor.go:538.57,540.5 1 0
spectron-backend/internal/iot/processor.go:543.2,543.14 1 1
spectron-backend/internal/iot/processor.go:543.14,545.3 1 0
spectron-backend/internal/iot/processor.go:547.2,548.50 2 1
spectron-backend/internal/iot/processor.go:548.50,550.3 1 0
spectron-backend/internal/iot/processor.go:551.2,553.64 3 1
spectron-backend/internal/iot/processor.go:553.64,555.3 1 0
spectron-backend/internal/iot/processor.go:557.2,558.32 2 1
spectron-backend/internal/iot/processor.go:558.32,560.3 1 1
spectron-backend/internal/iot/processor.go:561.2,561.32 1 1
spectron-backend/internal/iot/processor.go:561.32,563.3 1 0
spectron-backend/internal/iot/processor.go:565.2,566.33 2 1
spectron-backend/internal/iot/processor.go:566.33,568.3 1 0
spectron-backend/internal/iot/processor.go:570.2,575.9 1 1
spectron-backend/internal/iot/processor.go:583.55,589.83 2 1
spectron-backend/internal/iot/processor.go:589.83,591.3 1 1
spectron-backend/internal/iot/processor.go:593.2,596.25 3 1
spectron-backend/internal/iot/processor.go:596.25,597.34 1 1
spectron-backend/internal/iot/processor.go:597.34,599.4 1 1
spectron-backend/internal/iot/processor.go:600.3,601.23 2 1
spectron-backend/internal/iot/processor.go:604.2,605.55 2 1
spectron-backend/internal/iot/processor.go:605.55,613.3 7 1
spectron-backend/internal/iot/processor.go:615.2,615.22 1 1
spectron-backend/internal/iot/processor.go:618.85,620.16 2 1
spectron-backend/internal/iot/processor.go:620.16,622.3 1 1
spectron-backend/internal/iot/processor.go:623.2,623.19 1 1
spectron-backend/internal/iot/processor.go:626.205,628.27 2 0
spectron-backend/internal/iot/processor.go:628.27,637.17 2 0
spectron-backend/internal/iot/processor.go:637.17,639.18 2 0
spectron-backend/internal/iot/processor.go:639.18,641.5 1 0
spectron-backend/internal/iot/processor.go:642.4,642.28 1 0
spectron-backend/internal/iot/processor.go:644.3,644.27 1 0
spectron-backend/internal/iot/processor.go:644.27,646.4 1 0
spectron-backend/internal/iot/processor.go:649.2,649.80 1 0
spectron-backend/internal/iot/processor.go:649.80,661.17 2 0
spectron-backend/internal/iot/processor.go:661.17,663.18 2 0
spectron-backend/internal/iot/processor.go:663.18,665.5 1 0
spectron-backend/internal/iot/processor.go:666.4,666.28 1 0
spectron-backend/internal/iot/processor.go:668.3,668.27 1 0
spectron-backend/internal/iot/processor.go:668.27,670.4 1 0
spectron-backend/internal/iot/processor.go:673.2,681.16 2 0
spectron-backend/internal/iot/processor.go:681.16,682.27 1 0
spectron-backend/internal/iot/processor.go:682.27,684.4 1 0
spectron-backend/internal/iot/processor.go:686.3,695.17 2 0
spectron-backend/internal/iot/processor.go:695.17,696.28 1 0
spectron-backend/internal/iot/processor.go:696.28,697.83 1 0
spectron-backend/internal/iot/processor.go:697.83,708.20 2 0
spectron-backend/internal/iot/processor.go:708.20,709.12 1 0
spectron-backend/internal/iot/processor.go:711.6,711.30 1 0
spectron-backend/internal/iot/processor.go:711.30,713.7 1 0
spectron-backend/internal/iot/processor.go:715.6,724.20 2 0
spectron-backend/internal/iot/processor.go:724.20,725.12 1 0
spectron-backend/internal/iot/processor.go:727.6,727.30 1 0
spectron-backend/internal/iot/processor.go:727.30,729.7 1 0
spectron-backend/internal/iot/processor.go:732.5,732.29 1 0
spectron-backend/internal/iot/processor.go:732.29,734.6 1 0
spectron-backend/internal/iot/processor.go:735.10,737.5 1 0
spectron-backend/internal/iot/processor.go:740.2,740.56 1 0
spectron-backend/internal/iot/processor.go:740.56,742.3 1 0
spectron-backend/internal/iot/processor.go:744.2,745.16 2 0
spectron-backend/internal/iot/processor.go:745.16,747.3 1 0
spectron-backend/internal/iot/processor.go:748.2,748.26 1 0
spectron-backend/internal/iot/processor.go:751.77,753.19 2 1
spectron-backend/internal/iot/processor.go:753.19,755.3 1 0
spectron-backend/internal/iot/processor.go:757.2,758.39 2 1
spectron-backend/internal/iot/processor.go:758.39,760.3 1 0
spectron-backend/internal/iot/processor.go:762.2,762.34 1 1
spectron-backend/internal/iot/processor.go:765.75,768.69 3 1
spectron-backend/internal/iot/processor.go:768.69,770.3 1 0
spectron-backend/internal/iot/processor.go:771.2,771.45 1 1
spectron-backend/internal/iot/processor.go:771.45,773.3 1 1
spectron-backend/internal/iot/processor.go:774.2,774.45 1 0
spectron-backend/internal/iot/processor.go:774.45,776.3 1 0
spectron-backend/internal/iot/processor.go:777.2,777.46 1 0
spectron-backend/internal/iot/processor.go:777.46,779.3 1 0
spectron-backend/internal/iot/processor.go:781.2,781.49 1 0
spectron-backend/internal/iot/processor.go:784.96,786.59 2 1
spectron-backend/internal/iot/processor.go:786.59,788.36 2 1
spectron-backend/internal/iot/processor.go:788.36,790.4 1 0
spectron-backend/internal/iot/processor.go:793.2,794.57 2 1
spectron-backend/internal/iot/processor.go:794.57,796.3 1 0
spectron-backend/internal/iot/processor.go:798.2,806.34 3 1
spectron-backend/internal/iot/processor.go:806.34,813.3 1 0
spectron-backend/internal/iot/processor.go:815.2,822.20 3 1
spectron-backend/internal/iot/processor.go:825.62,827.2 1 1
spectron-backend/internal/iot/processor.go:829.68,831.9 2 1
spectron-backend/internal/iot/processor.go:831.9,833.3 1 1
spectron-backend/internal/iot/processor.go:835.2,836.27 2 1
spectron-backend/internal/iot/processor.go:837.15,838.13 1 1
spectron-backend/internal/iot/processor.go:839.15,840.22 1 0
spectron-backend/internal/iot/processor.go:841.11,842.22 1 0
spectron-backend/internal/iot/processor.go:843.13,844.22 1 0
spectron-backend/internal/iot/processor.go:845.13,846.22 1 0
spectron-backend/internal/iot/processor.go:847.19,849.17 2 0
spectron-backend/internal/iot/processor.go:849.17,851.4 1 0
spectron-backend/internal/iot/processor.go:852.3,852.18 1 0
spectron-backend/internal/iot/processor.go:853.10,854.13 1 0
spectron-backend/internal/iot/processor.go:857.2,857.16 1 1
spectron-backend/internal/iot/processor.go:860.117,864.18 4 1
spectron-backend/internal/iot/processor.go:864.18,866.3 1 0
spectron-backend/internal/iot/processor.go:868.2,869.36 2 1
spectron-backend/internal/iot/processor.go:869.36,870.65 1 1
spectron-backend/internal/iot/processor.go:870.65,872.4 1 1
spectron-backend/internal/iot/processor.go:872.9,872.78 1 0
spectron-backend/internal/iot/processor.go:872.78,875.4 2 0
spectron-backend/internal/iot/processor.go:878.2,878.9 1 1
spectron-backend/internal/iot/processor.go:879.68,889.4 1 0
spectron-backend/internal/iot/processor.go:890.68,900.4 1 1
spectron-backend/internal/iot/processor.go:901.54,911.4 1 0
spectron-backend/internal/iot/processor.go:912.54,922.4 1 1
spectron-backend/internal/iot/processor.go:923.10,924.36 1 1
spectron-backend/internal/iot/processor.go:928.93,929.64 1 1
spectron-backend/internal/iot/processor.go:929.64,931.3 1 1
spectron-backend/internal/iot/processor.go:933.2,933.47 1 0
spectron-backend/internal/iot/processor.go:933.47,936.41 1 0
spectron-backend/internal/iot/processor.go:936.41,938.4 1 0
spectron-backend/internal/iot/processor.go:941.2,941.11 1 0
spectron-backend/internal/iot/processor.go:944.94,945.64 1 1
spectron-backend/internal/iot/processor.go:945.64,947.3 1 1
spectron-backend/internal/iot/processor.go:949.2,949.47 1 0
spectron-backend/internal/iot/processor.go:949.47,952.47 1 0
spectron-backend/internal/iot/processor.go:952.47,954.4 1 0
spectron-backend/internal/iot/processor.go:957.2,957.11 1 0
spectron-backend/internal/iot/processor.go:960.59,961.56 1 1
spectron-backend/internal/iot/processor.go:962.100,963.23 1 1
spectron-backend/internal/iot/processor.go:964.18,965.20 1 1
spectron-backend/internal/iot/processor.go:966.18,967.20 1 0
spectron-backend/internal/iot/processor.go:968.20,969.22 1 1
spectron-backend/internal/iot/processor.go:970.29,971.20 1 0
spectron-backend/internal/iot/processor.go:972.27,973.18 1 0
spectron-backend/internal/iot/processor.go:974.27,975.21 1 0
spectron-backend/internal/iot/processor.go:976.21,977.15 1 0
spectron-backend/internal/iot/processor.go:978.10,979.17 1 0
spectron-backend/internal/iot/processor.go:983.99,985.23 2 1
spectron-backend/internal/iot/processor.go:985.23,987.3 1 0
spectron-backend/internal/iot/processor.go:988.2,988.23 1 1
spectron-backend/internal/iot/processor.go:988.23,990.3 1 0
spectron-backend/internal/iot/processor.go:992.2,992.33 1 1
spectron-backend/internal/iot/processor.go:992.33,1001.30 2 1
spectron-backend/internal/iot/processor.go:1001.30,1003.4 1 1
spectron-backend/internal/iot/processor.go:1004.3,1004.17 1 1
spectron-backend/internal/iot/processor.go:1007.2,1014.3 1 1
spectron-backend/internal/iot/processor.go:1017.43,1019.2 1 1
spectron-backend/internal/iot/processor.go:1021.224,1035.40 3 0
spectron-backend/internal/iot/processor.go:1035.40,1037.3 1 0
spectron-backend/internal/iot/processor.go:1039.2,1039.16 1 0
spectron-backend/internal/iot/processor.go:1039.16,1049.3 2 0
spectron-backend/internal/iot/processor.go:1051.2,1055.12 2 0
spectron-backend/internal/iot/publisher.go:29.61,31.2 1 0
spectron-backend/internal/iot/publisher.go:33.89,34.20 1 0
spectron-backend/internal/iot/publisher.go:34.20,36.3 1 0
spectron-backend/internal/iot/publisher.go:37.2,37.60 1 0
spectron-backend/internal/iot/publisher.go:40.43,42.2 1 0
spectron-backend/internal/iot/publisher.go:49.77,55.16 2 0
spectron-backend/internal/iot/publisher.go:55.16,57.3 1 0
spectron-backend/internal/iot/publisher.go:58.2,58.18 1 0
spectron-backend/internal/iot/publisher.go:61.95,63.49 2 0
spectron-backend/internal/iot/publisher.go:63.49,65.3 1 0
spectron-backend/internal/iot/publisher.go:67.2,68.16 2 0
spectron-backend/internal/iot/publisher.go:68.16,70.3 1 0
spectron-backend/internal/iot/publisher.go:72.2,82.20 3 0
spectron-backend/internal/iot/publisher.go:82.20,84.3 1 0
spectron-backend/internal/iot/publisher.go:85.2,85.21 1 0
spectron-backend/internal/iot/publisher.go:85.21,87.3 1 0
spectron-backend/internal/iot/publisher.go:88.2,101.8 2 0
spectron-backend/internal/iot/publisher.go:104.96,106.16 2 0
spectron-backend/internal/iot/publisher.go:106.16,108.3 1 0
spectron-backend/internal/iot/publisher.go:110.2,119.16 2 0
spectron-backend/internal/iot/publisher.go:119.16,121.3 1 0
spectron-backend/internal/iot/publisher.go:123.2,123.12 1 0
spectron-backend/internal/iot/publisher.go:126.40,127.33 1 0
spectron-backend/internal/iot/publisher.go:127.33,129.3 1 0
spectron-backend/internal/iot/publisher.go:130.2,131.24 2 0
spectron-backend/internal/iot/publisher.go:131.24,133.3 1 0
spectron-backend/internal/iot/publisher.go:134.2,134.12 1 0
spectron-backend/internal/iot/system_slot.go:5.79,7.62 2 1
spectron-backend/internal/iot/system_slot.go:7.62,9.17 2 1
spectron-backend/internal/iot/system_slot.go:9.17,11.4 1 1
spectron-backend/internal/iot/system_slot.go:13.2,13.64 1 1
spectron-backend/internal/iot/system_slot.go:13.64,15.17 2 1
spectron-backend/internal/iot/system_slot.go:15.17,17.4 1 1
spectron-backend/internal/iot/system_slot.go:20.2,21.26 2 0
spectron-backend/internal/iot/system_slot.go:21.26,23.3 1 0
spectron-backend/internal/iot/system_slot.go:25.2,25.31 1 0
spectron-backend/internal/iot/system_slot.go:28.52,30.17 2 0
spectron-backend/internal/iot/system_slot.go:30.17,32.3 1 0
spectron-backend/internal/iot/system_slot.go:34.2,36.26 3 0
spectron-backend/internal/iot/system_slot.go:36.26,37.10 1 0
spectron-backend/internal/iot/system_slot.go:38.29,40.20 2 0
spectron-backend/internal/iot/system_slot.go:41.29,43.20 2 0
spectron-backend/internal/iot/system_slot.go:44.11,45.32 1 0
spectron-backend/internal/iot/system_slot.go:45.32,48.5 2 0
spectron-backend/internal/iot/system_slot.go:52.2,52.38 1 0
spectron-backend/internal/security/encryption.go:20.54,22.16 2 1
spectron-backend/internal/security/encryption.go:22.16,24.3 1 1
spectron-backend/internal/security/encryption.go:26.2,27.16 2 1
spectron-backend/internal/security/encryption.go:27.16,29.3 1 0
spectron-backend/internal/security/encryption.go:31.2,32.16 2 1
spectron-backend/internal/security/encryption.go:32.16,34.3 1 0
spectron-backend/internal/security/encryption.go:36.2,37.59 2 1
spectron-backend/internal/security/encryption.go:37.59,39.3 1 0
spectron-backend/internal/security/encryption.go:41.2,43.80 3 1
spectron-backend/internal/security/encryption.go:46.55,48.16 2 1
spectron-backend/internal/security/encryption.go:48.16,50.3 1 0
spectron-backend/internal/security/encryption.go:52.2,53.56 2 1
spectron-backend/internal/security/encryption.go:53.56,55.3 1 0
spectron-backend/internal/security/encryption.go:57.2,58.16 2 1
spectron-backend/internal/security/encryption.go:58.16,60.3 1 0
spectron-backend/internal/security/encryption.go:62.2,63.16 2 1
spectron-backend/internal/security/encryption.go:63.16,65.3 1 0
spectron-backend/internal/security/encryption.go:67.2,68.16 2 1
spectron-backend/internal/security/encryption.go:68.16,70.3 1 0
spectron-backend/internal/security/encryption.go:72.2,72.37 1 1
spectron-backend/internal/security/encryption.go:72.37,74.3 1 0
spectron-backend/internal/security/encryption.go:76.2,79.16 4 1
spectron-backend/internal/security/encryption.go:79.16,81.3 1 0
spectron-backend/internal/security/encryption.go:83.2,83.31 1 1
spectron-backend/internal/security/encryption.go:86.41,88.15 2 1
spectron-backend/internal/security/encryption.go:88.15,90.3 1 0
spectron-backend/internal/security/encryption.go:92.2,92.92 1 1
spectron-backend/internal/security/encryption.go:92.92,94.3 1 0
spectron-backend/internal/security/encryption.go:96.2,96.77 1 1
spectron-backend/internal/security/encryption.go:96.77,98.3 1 0
spectron-backend/internal/security/encryption.go:100.2,100.28 1 1
spectron-backend/internal/security/encryption.go:100.28,102.3 1 1
spectron-backend/internal/security/encryption.go:104.2,104.40 1 1
spectron-backend/internal/services/recommendation/service.go:26.94,29.16 3 1
spectron-backend/internal/services/recommendation/service.go:29.16,31.3 1 1
spectron-backend/internal/services/recommendation/service.go:33.2,36.59 3 1
spectron-backend/internal/services/recommendation/service.go:39.52,40.42 1 1
spectron-backend/internal/services/recommendation/service.go:40.42,41.49 1 1
spectron-backend/internal/services/recommendation/service.go:41.49,43.4 1 1
spectron-backend/internal/services/recommendation/service.go:46.2,53.39 2 0
spectron-backend/internal/services/recommendation/service.go:53.39,54.47 1 0
spectron-backend/internal/services/recommendation/service.go:54.47,56.4 1 0
spectron-backend/internal/services/recommendation/service.go:58.2,58.20 1 0
spectron-backend/internal/services/recommendation/service.go:61.45,64.29 3 1
spectron-backend/internal/services/recommendation/service.go:64.29,66.20 2 1
spectron-backend/internal/services/recommendation/service.go:66.20,67.12 1 1
spectron-backend/internal/services/recommendation/service.go:69.3,69.39 1 1
spectron-backend/internal/services/recommendation/service.go:71.2,71.37 1 1
spectron-backend/internal/services/recommendation/service.go:74.65,76.2 1 1
spectron-backend/internal/services/recommendation/service.go:78.66,80.19 2 1
spectron-backend/internal/services/recommendation/service.go:80.19,82.3 1 1
spectron-backend/internal/services/recommendation/service.go:84.2,96.67 3 1
spectron-backend/internal/services/recommendation/service.go:96.67,98.3 1 1
spectron-backend/internal/services/recommendation/service.go:99.2,99.30 1 1
spectron-backend/internal/services/recommendation/service.go:99.30,101.3 1 0
spectron-backend/internal/services/recommendation/service.go:103.2,104.41 2 1
spectron-backend/internal/services/recommendation/service.go:104.41,112.34 2 1
spectron-backend/internal/services/recommendation/service.go:112.34,114.4 1 1
spectron-backend/internal/services/recommendation/service.go:115.3,115.34 1 1
spectron-backend/internal/services/recommendation/service.go:115.34,117.4 1 1
spectron-backend/internal/services/recommendation/service.go:118.3,118.140 1 1
spectron-backend/internal/services/recommendation/service.go:118.140,120.4 1 1
spectron-backend/internal/services/recommendation/service.go:121.3,121.65 1 1
spectron-backend/internal/services/recommendation/service.go:121.65,123.4 1 0
spectron-backend/internal/services/recommendation/service.go:124.3,124.30 1 1
spectron-backend/internal/services/recommendation/service.go:126.2,126.19 1 1
spectron-backend/internal/services/recommendation/service.go:129.44,131.19 2 1
spectron-backend/internal/services/recommendation/service.go:131.19,133.3 1 1
spectron-backend/internal/services/recommendation/service.go:134.2,139.33 6 1
spectron-backend/internal/services/recommendation/service.go:139.33,141.3 1 1
spectron-backend/internal/services/recommendation/service.go:143.2,145.45 3 1
spectron-backend/internal/services/recommendation/service.go:145.45,147.3 1 1
spectron-backend/internal/services/recommendation/service.go:148.2,148.50 1 1
spectron-backend/internal/services/recommendation/service.go:151.87,153.61 2 1
spectron-backend/internal/services/recommendation/service.go:153.61,162.3 1 1
spectron-backend/internal/services/recommendation/service.go:163.2,163.119 1 1
spectron-backend/internal/services/recommendation/service.go:163.119,173.3 1 1
spectron-backend/internal/services/recommendation/service.go:174.2,174.21 1 1
spectron-backend/internal/services/recommendation/service.go:174.21,183.3 1 0
spectron-backend/internal/services/recommendation/service.go:184.2,185.14 2 1
